code_commune_INSEE,nom_commune_postal,code_postal,libelle_acheminement,ligne_5,latitude,longitude,code_commune,article,nom_commune,nom_commune_complet,code_departement,nom_departement,code_region,nom_region
1001,L ABERGEMENT CLEMENCIAT,1400,L ABERGEMENT CLEMENCIAT,,46.1534255214,4.92611354223,1,L',Abergement-Clémenciat,L'Abergement-Clémenciat,1,Ain,84,Auvergne-Rhône-Alpes
1002,L ABERGEMENT DE VAREY,1640,L ABERGEMENT DE VAREY,,46.0091878776,5.42801696363,2,L',Abergement-de-Varey,L'Abergement-de-Varey,1,Ain,84,Auvergne-Rhône-Alpes
1004,AMBERIEU EN BUGEY,1500,AMBERIEU EN BUGEY,,45.9608475114,5.3729257777,4,,Ambérieu-en-Bugey,Ambérieu-en-Bugey,1,Ain,84,Auvergne-Rhône-Alpes
1005,AMBERIEUX EN DOMBES,1330,AMBERIEUX EN DOMBES,,45.9961799872,4.91227250796,5,,Ambérieux-en-Dombes,Ambérieux-en-Dombes,1,Ain,84,Auvergne-Rhône-Alpes
1006,AMBLEON,1300,AMBLEON,,45.7494989044,5.59432017366,6,,Ambléon,Ambléon,1,Ain,84,Auvergne-Rhône-Alpes
1007,AMBRONAY,1500,AMBRONAY,,46.0055913782,5.35760660735,7,,Ambronay,Ambronay,1,Ain,84,Auvergne-Rhône-Alpes
1008,AMBUTRIX,1500,AMBUTRIX,,45.9367134524,5.3328092349,8,,Ambutrix,Ambutrix,1,Ain,84,Auvergne-Rhône-Alpes
1009,ANDERT ET CONDON,1300,ANDERT ET CONDON,,45.7873565333,5.65788307924,9,,Andert-et-Condon,Andert-et-Condon,1,Ain,84,Auvergne-Rhône-Alpes
1010,ANGLEFORT,1350,ANGLEFORT,,45.9093715116,5.79516005674,10,,Anglefort,Anglefort,1,Ain,84,Auvergne-Rhône-Alpes
1011,APREMONT,1100,APREMONT,,46.2054981558,5.65781475272,11,,Apremont,Apremont,1,Ain,84,Auvergne-Rhône-Alpes
1012,ARANC,1110,ARANC,,46.0015344029,5.51130637511,12,,Aranc,Aranc,1,Ain,84,Auvergne-Rhône-Alpes
1013,ARANDAS,1230,ARANDAS,,45.8908155275,5.49870439091,13,,Arandas,Arandas,1,Ain,84,Auvergne-Rhône-Alpes
1014,ARBENT,1100,ARBENT,,46.2834936005,5.69061651221,14,,Arbent,Arbent,1,Ain,84,Auvergne-Rhône-Alpes
1015,ARBOYS EN BUGEY,1300,ARBOYS EN BUGEY,ARBIGNIEU,45.7237621545,5.65263086429,15,,Arboys en Bugey,Arboys en Bugey,1,Ain,84,Auvergne-Rhône-Alpes
1015,ARBOYS EN BUGEY,1300,ARBOYS EN BUGEY,ST BOIS,45.7237621545,5.65263086429,15,,Arboys en Bugey,Arboys en Bugey,1,Ain,84,Auvergne-Rhône-Alpes
1016,ARBIGNY,1190,ARBIGNY,,46.4776762988,4.9599416863,16,,Arbigny,Arbigny,1,Ain,84,Auvergne-Rhône-Alpes
1017,ARGIS,1230,ARGIS,,45.9337182132,5.48251100314,17,,Argis,Argis,1,Ain,84,Auvergne-Rhône-Alpes
1019,ARMIX,1510,ARMIX,,45.8541838459,5.58357838695,19,,Armix,Armix,1,Ain,84,Auvergne-Rhône-Alpes
1021,ARS SUR FORMANS,1480,ARS SUR FORMANS,,45.9934611,4.82199649494,21,,Ars-sur-Formans,Ars-sur-Formans,1,Ain,84,Auvergne-Rhône-Alpes
1022,ARTEMARE,1510,ARTEMARE,,45.8695891748,5.69065283943,22,,Artemare,Artemare,1,Ain,84,Auvergne-Rhône-Alpes
1023,ASNIERES SUR SAONE,1570,ASNIERES SUR SAONE,,46.3857281418,4.88387478623,23,,Asnières-sur-Saône,Asnières-sur-Saône,1,Ain,84,Auvergne-Rhône-Alpes
1024,ATTIGNAT,1340,ATTIGNAT,,46.2861802203,5.1795233845,24,,Attignat,Attignat,1,Ain,84,Auvergne-Rhône-Alpes
1025,BAGE LA VILLE,1380,BAGE LA VILLE,,46.3233203302,4.9528678933,25,,Bâgé-Dommartin,Bâgé-Dommartin,1,Ain,84,Auvergne-Rhône-Alpes
1026,BAGE LE CHATEL,1380,BAGE LE CHATEL,,46.3077069231,4.92862084189,26,,Bâgé-le-Châtel,Bâgé-le-Châtel,1,Ain,84,Auvergne-Rhône-Alpes
1027,BALAN,1360,BALAN,,45.8311226453,5.10780019249,27,,Balan,Balan,1,Ain,84,Auvergne-Rhône-Alpes
1028,BANEINS,1990,BANEINS,,46.1141214445,4.90146475101,28,,Baneins,Baneins,1,Ain,84,Auvergne-Rhône-Alpes
1029,BEAUPONT,1270,BEAUPONT,,46.4288360203,5.26003405676,29,,Beaupont,Beaupont,1,Ain,84,Auvergne-Rhône-Alpes
1030,BEAUREGARD,1480,BEAUREGARD,,46.0008580204,4.75600664694,30,,Beauregard,Beauregard,1,Ain,84,Auvergne-Rhône-Alpes
1031,BELLIGNAT,1100,BELLIGNAT,,46.2373497134,5.6360052884,31,,Bellignat,Bellignat,1,Ain,84,Auvergne-Rhône-Alpes
1032,BELIGNEUX,1360,BELIGNEUX,,45.8591464826,5.13989505865,32,,Béligneux,Béligneux,1,Ain,84,Auvergne-Rhône-Alpes
1032,BELIGNEUX,1360,BELIGNEUX,CAMP DE LA VALBONNE,45.8591464826,5.13989505865,32,,Béligneux,Béligneux,1,Ain,84,Auvergne-Rhône-Alpes
1032,BELIGNEUX,1360,BELIGNEUX,CHANES,45.8591464826,5.13989505865,32,,Béligneux,Béligneux,1,Ain,84,Auvergne-Rhône-Alpes
1032,BELIGNEUX,1360,BELIGNEUX,LA VALBONNE,45.8591464826,5.13989505865,32,,Béligneux,Béligneux,1,Ain,84,Auvergne-Rhône-Alpes
1033,BELLEGARDE SUR VALSERINE,1200,BELLEGARDE SUR VALSERINE,,46.1067901755,5.83202736464,33,,Bellegarde-sur-Valserine,Bellegarde-sur-Valserine,1,Ain,84,Auvergne-Rhône-Alpes
1034,BELLEY,1300,BELLEY,,45.7494697806,5.68412365526,34,,Belley,Belley,1,Ain,84,Auvergne-Rhône-Alpes
1035,BELLEYDOUX,1130,BELLEYDOUX,,46.2530316409,5.78471723698,35,,Belleydoux,Belleydoux,1,Ain,84,Auvergne-Rhône-Alpes
1036,BELMONT LUTHEZIEU,1260,BELMONT LUTHEZIEU,,45.8847475883,5.65115788055,36,,Belmont-Luthézieu,Belmont-Luthézieu,1,Ain,84,Auvergne-Rhône-Alpes
1036,BELMONT LUTHEZIEU,1260,BELMONT LUTHEZIEU,LUTHEZIEU,45.8847475883,5.65115788055,36,,Belmont-Luthézieu,Belmont-Luthézieu,1,Ain,84,Auvergne-Rhône-Alpes
1037,BENONCES,1470,BENONCES,,45.8374974718,5.48285330863,37,,Bénonces,Bénonces,1,Ain,84,Auvergne-Rhône-Alpes
1038,BENY,1370,BENY,,46.3188629218,5.28253433405,38,,Bény,Bény,1,Ain,84,Auvergne-Rhône-Alpes
1039,BEON,1350,BEON,,45.8568920052,5.75220315052,39,,Béon,Béon,1,Ain,84,Auvergne-Rhône-Alpes
1040,BEREZIAT,1340,BEREZIAT,,46.3674371012,5.04021655965,40,,Béréziat,Béréziat,1,Ain,84,Auvergne-Rhône-Alpes
1041,BETTANT,1500,BETTANT,,45.9368718303,5.36667617009,41,,Bettant,Bettant,1,Ain,84,Auvergne-Rhône-Alpes
1042,BEY,1290,BEY,,46.2191748844,4.84642690241,42,,Bey,Bey,1,Ain,84,Auvergne-Rhône-Alpes
1043,BEYNOST,1700,BEYNOST,,45.8390325448,4.99738002182,43,,Beynost,Beynost,1,Ain,84,Auvergne-Rhône-Alpes
1044,BILLIAT,1200,BILLIAT,,46.0791346715,5.76591818163,44,,Billiat,Billiat,1,Ain,84,Auvergne-Rhône-Alpes
1045,BIRIEUX,1330,BIRIEUX,,45.9533995502,5.03666479984,45,,Birieux,Birieux,1,Ain,84,Auvergne-Rhône-Alpes
1046,BIZIAT,1290,BIZIAT,,46.2266794269,4.94084673168,46,,Biziat,Biziat,1,Ain,84,Auvergne-Rhône-Alpes
1047,BLYES,1150,BLYES,,45.8469686113,5.25166055884,47,,Blyes,Blyes,1,Ain,84,Auvergne-Rhône-Alpes
1049,LA BOISSE,1120,LA BOISSE,,45.8446213549,5.02783224111,49,La,Boisse,La Boisse,1,Ain,84,Auvergne-Rhône-Alpes
1050,BOISSEY,1190,BOISSEY,,46.3727973545,4.9989764059,50,,Boissey,Boissey,1,Ain,84,Auvergne-Rhône-Alpes
1050,BOISSEY,1380,BOISSEY,,46.3727973545,4.9989764059,50,,Boissey,Boissey,1,Ain,84,Auvergne-Rhône-Alpes
1051,BOLOZON,1450,BOLOZON,,46.1960338503,5.47095075411,51,,Bolozon,Bolozon,1,Ain,84,Auvergne-Rhône-Alpes
1052,BOULIGNEUX,1330,BOULIGNEUX,,46.0232774841,4.99252709276,52,,Bouligneux,Bouligneux,1,Ain,84,Auvergne-Rhône-Alpes
1053,BOURG EN BRESSE,1000,BOURG EN BRESSE,,46.2051520382,5.24602125501,53,,Bourg-en-Bresse,Bourg-en-Bresse,1,Ain,84,Auvergne-Rhône-Alpes
1053,BOURG EN BRESSE,1000,BOURG EN BRESSE,BROU,46.2051520382,5.24602125501,53,,Bourg-en-Bresse,Bourg-en-Bresse,1,Ain,84,Auvergne-Rhône-Alpes
1054,BOURG ST CHRISTOPHE,1800,BOURG ST CHRISTOPHE,,45.8861934456,5.14349196896,54,,Bourg-Saint-Christophe,Bourg-Saint-Christophe,1,Ain,84,Auvergne-Rhône-Alpes
1054,BOURG ST CHRISTOPHE,1800,BOURG ST CHRISTOPHE,MARFOZ,45.8861934456,5.14349196896,54,,Bourg-Saint-Christophe,Bourg-Saint-Christophe,1,Ain,84,Auvergne-Rhône-Alpes
1056,BOYEUX ST JEROME,1640,BOYEUX ST JEROME,,46.0363677631,5.46322744717,56,,Boyeux-Saint-Jérôme,Boyeux-Saint-Jérôme,1,Ain,84,Auvergne-Rhône-Alpes
1057,BOZ,1190,BOZ,,46.4051688134,4.9135797178,57,,Boz,Boz,1,Ain,84,Auvergne-Rhône-Alpes
1058,BREGNIER CORDON,1300,BREGNIER CORDON,,45.6416854652,5.61653371,58,,Brégnier-Cordon,Brégnier-Cordon,1,Ain,84,Auvergne-Rhône-Alpes
1059,BRENAZ,1260,BRENAZ,,45.9500082947,5.7371892334,59,,Brénaz,Brénaz,1,Ain,84,Auvergne-Rhône-Alpes
1060,BRENOD,1110,BRENOD,,46.0759940484,5.61418361314,60,,Brénod,Brénod,1,Ain,84,Auvergne-Rhône-Alpes
1061,BRENS,1300,BRENS,,45.7135069062,5.68998154517,61,,Brens,Brens,1,Ain,84,Auvergne-Rhône-Alpes
1062,BRESSOLLES,1360,BRESSOLLES,,45.869423064,5.1009428902,62,,Bressolles,Bressolles,1,Ain,84,Auvergne-Rhône-Alpes
1062,BRESSOLLES,1360,BRESSOLLES,LA LECHERE,45.869423064,5.1009428902,62,,Bressolles,Bressolles,1,Ain,84,Auvergne-Rhône-Alpes
1063,BRION,1460,BRION,,46.1686327301,5.54656422194,63,,Brion,Brion,1,Ain,84,Auvergne-Rhône-Alpes
1064,BRIORD,1470,BRIORD,,45.7708330939,5.48537461884,64,,Briord,Briord,1,Ain,84,Auvergne-Rhône-Alpes
1065,BUELLAS,1310,BUELLAS,,46.2104135162,5.14487465017,65,,Buellas,Buellas,1,Ain,84,Auvergne-Rhône-Alpes
1065,BUELLAS,1310,BUELLAS,CORGENON,46.2104135162,5.14487465017,65,,Buellas,Buellas,1,Ain,84,Auvergne-Rhône-Alpes
1066,LA BURBANCHE,1510,LA BURBANCHE,,45.8598709332,5.54609714598,66,La,Burbanche,La Burbanche,1,Ain,84,Auvergne-Rhône-Alpes
1067,CEIGNES,1430,CEIGNES,,46.1256533435,5.49457379202,67,,Ceignes,Ceignes,1,Ain,84,Auvergne-Rhône-Alpes
1068,CERDON,1450,CERDON,,46.0720202633,5.47577586118,68,,Cerdon,Cerdon,1,Ain,84,Auvergne-Rhône-Alpes
1069,CERTINES,1240,CERTINES,,46.1337950959,5.26239539372,69,,Certines,Certines,1,Ain,84,Auvergne-Rhône-Alpes
1071,CESSY,1170,CESSY,,46.315689376,6.0779844362,71,,Cessy,Cessy,1,Ain,84,Auvergne-Rhône-Alpes
1072,CEYZERIAT,1250,CEYZERIAT,,46.1832170988,5.32007207542,72,,Ceyzériat,Ceyzériat,1,Ain,84,Auvergne-Rhône-Alpes
1073,CEYZERIEU,1350,CEYZERIEU,,45.8335530148,5.71933090966,73,,Ceyzérieu,Ceyzérieu,1,Ain,84,Auvergne-Rhône-Alpes
1074,CHALAMONT,1320,CHALAMONT,,46.0076491739,5.16936568,74,,Chalamont,Chalamont,1,Ain,84,Auvergne-Rhône-Alpes
1075,CHALEINS,1480,CHALEINS,,46.0340545373,4.79853838574,75,,Chaleins,Chaleins,1,Ain,84,Auvergne-Rhône-Alpes
1076,CHALEY,1230,CHALEY,,45.9533367734,5.53682505273,76,,Chaley,Chaley,1,Ain,84,Auvergne-Rhône-Alpes
1077,CHALLES LA MONTAGNE,1450,CHALLES LA MONTAGNE,,46.1221539654,5.45755377201,77,,Challes-la-Montagne,Challes-la-Montagne,1,Ain,84,Auvergne-Rhône-Alpes
1078,CHALLEX,1630,CHALLEX,,46.1768358327,5.97115092939,78,,Challex,Challex,1,Ain,84,Auvergne-Rhône-Alpes
1079,CHAMPAGNE EN VALROMEY,1260,CHAMPAGNE EN VALROMEY,,45.9316447397,5.69321890072,79,,Champagne-en-Valromey,Champagne-en-Valromey,1,Ain,84,Auvergne-Rhône-Alpes
1079,CHAMPAGNE EN VALROMEY,1260,CHAMPAGNE EN VALROMEY,LILIGNOD,45.9316447397,5.69321890072,79,,Champagne-en-Valromey,Champagne-en-Valromey,1,Ain,84,Auvergne-Rhône-Alpes
1079,CHAMPAGNE EN VALROMEY,1260,CHAMPAGNE EN VALROMEY,PASSIN,45.9316447397,5.69321890072,79,,Champagne-en-Valromey,Champagne-en-Valromey,1,Ain,84,Auvergne-Rhône-Alpes
1080,CHAMPDOR CORCELLES,1110,CHAMPDOR CORCELLES,,46.0198844188,5.60008759722,80,,Champdor-Corcelles,Champdor-Corcelles,1,Ain,84,Auvergne-Rhône-Alpes
1080,CHAMPDOR CORCELLES,1110,CHAMPDOR CORCELLES,CORCELLES,46.0198844188,5.60008759722,80,,Champdor-Corcelles,Champdor-Corcelles,1,Ain,84,Auvergne-Rhône-Alpes
1081,CHAMPFROMIER,1410,CHAMPFROMIER,,46.220365768,5.82233573131,81,,Champfromier,Champfromier,1,Ain,84,Auvergne-Rhône-Alpes
1082,CHANAY,1420,CHANAY,,46.005695299,5.76893393185,82,,Chanay,Chanay,1,Ain,84,Auvergne-Rhône-Alpes
1083,CHANEINS,1990,CHANEINS,,46.0934984191,4.85473364691,83,,Chaneins,Chaneins,1,Ain,84,Auvergne-Rhône-Alpes
1084,CHANOZ CHATENAY,1400,CHANOZ CHATENAY,,46.1861812234,5.02807719246,84,,Chanoz-Châtenay,Chanoz-Châtenay,1,Ain,84,Auvergne-Rhône-Alpes
1085,LA CHAPELLE DU CHATELARD,1240,LA CHAPELLE DU CHATELARD,,46.0744536905,5.02162055898,85,La,Chapelle-du-Châtelard,La Chapelle-du-Châtelard,1,Ain,84,Auvergne-Rhône-Alpes
1087,CHARIX,1130,CHARIX,,46.1856344066,5.6811896084,87,,Charix,Charix,1,Ain,84,Auvergne-Rhône-Alpes
1088,CHARNOZ SUR AIN,1800,CHARNOZ SUR AIN,,45.8736786869,5.2211032563,88,,Charnoz-sur-Ain,Charnoz-sur-Ain,1,Ain,84,Auvergne-Rhône-Alpes
1089,CHATEAU GAILLARD,1500,CHATEAU GAILLARD,,45.9730390239,5.30754273532,89,,Château-Gaillard,Château-Gaillard,1,Ain,84,Auvergne-Rhône-Alpes
1090,CHATENAY,1320,CHATENAY,,46.0259402155,5.2048590395,90,,Châtenay,Châtenay,1,Ain,84,Auvergne-Rhône-Alpes
1091,CHATILLON EN MICHAILLE,1200,CHATILLON EN MICHAILLE,,46.1293337743,5.770176021,91,,Châtillon-en-Michaille,Châtillon-en-Michaille,1,Ain,84,Auvergne-Rhône-Alpes
1091,CHATILLON EN MICHAILLE,1200,CHATILLON EN MICHAILLE,OCHIAZ,46.1293337743,5.770176021,91,,Châtillon-en-Michaille,Châtillon-en-Michaille,1,Ain,84,Auvergne-Rhône-Alpes
1091,CHATILLON EN MICHAILLE,1200,CHATILLON EN MICHAILLE,VOUVRAY,46.1293337743,5.770176021,91,,Châtillon-en-Michaille,Châtillon-en-Michaille,1,Ain,84,Auvergne-Rhône-Alpes
1092,CHATILLON LA PALUD,1320,CHATILLON LA PALUD,,45.9748017433,5.2416027725,92,,Châtillon-la-Palud,Châtillon-la-Palud,1,Ain,84,Auvergne-Rhône-Alpes
1093,CHATILLON SUR CHALARONNE,1400,CHATILLON SUR CHALARONNE,,46.1232390685,4.95810003714,93,,Châtillon-sur-Chalaronne,Châtillon-sur-Chalaronne,1,Ain,84,Auvergne-Rhône-Alpes
1094,CHAVANNES SUR REYSSOUZE,1190,CHAVANNES SUR REYSSOUZE,,46.4379785193,5.00693749662,94,,Chavannes-sur-Reyssouze,Chavannes-sur-Reyssouze,1,Ain,84,Auvergne-Rhône-Alpes
1095,CHAVANNES SUR SURAN,1250,CHAVANNES SUR SURAN,,46.2750157946,5.41649423093,95,,Nivigne et Suran,Nivigne et Suran,1,Ain,84,Auvergne-Rhône-Alpes
1096,CHAVEYRIAT,1660,CHAVEYRIAT,,46.1991513767,5.0564069258,96,,Chaveyriat,Chaveyriat,1,Ain,84,Auvergne-Rhône-Alpes
1097,CHAVORNAY,1510,CHAVORNAY,,45.8824049535,5.72499814516,97,,Chavornay,Chavornay,1,Ain,84,Auvergne-Rhône-Alpes
1098,CHAZEY BONS,1300,CHAZEY BONS,,45.7925770617,5.68477063188,98,,Chazey-Bons,Chazey-Bons,1,Ain,84,Auvergne-Rhône-Alpes
1099,CHAZEY SUR AIN,1150,CHAZEY SUR AIN,,45.8929448968,5.25528498524,99,,Chazey-sur-Ain,Chazey-sur-Ain,1,Ain,84,Auvergne-Rhône-Alpes
1100,CHEIGNIEU LA BALME,1510,CHEIGNIEU LA BALME,,45.8227204334,5.6050023969,100,,Cheignieu-la-Balme,Cheignieu-la-Balme,1,Ain,84,Auvergne-Rhône-Alpes
1101,CHEVILLARD,1430,CHEVILLARD,,46.1103512578,5.58116056005,101,,Chevillard,Chevillard,1,Ain,84,Auvergne-Rhône-Alpes
1102,CHEVROUX,1190,CHEVROUX,,46.38249255,4.96288275972,102,,Chevroux,Chevroux,1,Ain,84,Auvergne-Rhône-Alpes
1103,CHEVRY,1170,CHEVRY,,46.283152935,6.04707941462,103,,Chevry,Chevry,1,Ain,84,Auvergne-Rhône-Alpes
1104,CHEZERY FORENS,1200,CHEZERY FORENS,,46.222573373,5.87248105275,104,,Chézery-Forens,Chézery-Forens,1,Ain,84,Auvergne-Rhône-Alpes
1104,CHEZERY FORENS,1410,CHEZERY FORENS,,46.222573373,5.87248105275,104,,Chézery-Forens,Chézery-Forens,1,Ain,84,Auvergne-Rhône-Alpes
1105,CIVRIEUX,1390,CIVRIEUX,,45.922467454,4.88633786877,105,,Civrieux,Civrieux,1,Ain,84,Auvergne-Rhône-Alpes
1106,CIZE,1250,CIZE,,46.2003848172,5.45082526739,106,,Cize,Cize,1,Ain,84,Auvergne-Rhône-Alpes
1107,CLEYZIEU,1230,CLEYZIEU,,45.902146623,5.43272695486,107,,Cleyzieu,Cleyzieu,1,Ain,84,Auvergne-Rhône-Alpes
1108,COLIGNY,1270,COLIGNY,,46.3866637865,5.3308227014,108,,Coligny,Coligny,1,Ain,84,Auvergne-Rhône-Alpes
1109,COLLONGES,1550,COLLONGES,,46.1419227898,5.90040256654,109,,Collonges,Collonges,1,Ain,84,Auvergne-Rhône-Alpes
1110,COLOMIEU,1300,COLOMIEU,,45.7361469025,5.62670101041,110,,Colomieu,Colomieu,1,Ain,84,Auvergne-Rhône-Alpes
1111,CONAND,1230,CONAND,,45.8834810846,5.47541328981,111,,Conand,Conand,1,Ain,84,Auvergne-Rhône-Alpes
1112,CONDAMINE,1430,CONDAMINE,,46.105831161,5.55568206762,112,,Condamine,Condamine,1,Ain,84,Auvergne-Rhône-Alpes
1113,CONDEISSIAT,1400,CONDEISSIAT,,46.1538469834,5.08437171701,113,,Condeissiat,Condeissiat,1,Ain,84,Auvergne-Rhône-Alpes
1114,CONFORT,1200,CONFORT,,46.1543700156,5.83319395258,114,,Confort,Confort,1,Ain,84,Auvergne-Rhône-Alpes
1115,CONFRANCON,1310,CONFRANCON,,46.270304175,5.05775217893,115,,Confrançon,Confrançon,1,Ain,84,Auvergne-Rhône-Alpes
1116,CONTREVOZ,1300,CONTREVOZ,,45.8009403071,5.62087768159,116,,Contrevoz,Contrevoz,1,Ain,84,Auvergne-Rhône-Alpes
1117,CONZIEU,1300,CONZIEU,,45.7253102173,5.60442351043,117,,Conzieu,Conzieu,1,Ain,84,Auvergne-Rhône-Alpes
1118,CORBONOD,1420,CORBONOD,,45.9659473187,5.78961970355,118,,Corbonod,Corbonod,1,Ain,84,Auvergne-Rhône-Alpes
1121,CORLIER,1110,CORLIER,,46.0336885573,5.49635755029,121,,Corlier,Corlier,1,Ain,84,Auvergne-Rhône-Alpes
1122,CORMARANCHE EN BUGEY,1110,CORMARANCHE EN BUGEY,,45.9442772826,5.60860828487,122,,Cormaranche-en-Bugey,Cormaranche-en-Bugey,1,Ain,84,Auvergne-Rhône-Alpes
1123,CORMORANCHE SUR SAONE,1290,CORMORANCHE SUR SAONE,,46.2403530179,4.8276569593,123,,Cormoranche-sur-Saône,Cormoranche-sur-Saône,1,Ain,84,Auvergne-Rhône-Alpes
1124,CORMOZ,1560,CORMOZ,,46.4336632942,5.22181275755,124,,Cormoz,Cormoz,1,Ain,84,Auvergne-Rhône-Alpes
1125,CORVEISSIAT,1250,CORVEISSIAT,,46.2505107235,5.47152467919,125,,Corveissiat,Corveissiat,1,Ain,84,Auvergne-Rhône-Alpes
1127,COURMANGOUX,1370,COURMANGOUX,,46.3267864521,5.35558241812,127,,Courmangoux,Courmangoux,1,Ain,84,Auvergne-Rhône-Alpes
1128,COURTES,1560,COURTES,,46.4570082032,5.11128546723,128,,Courtes,Courtes,1,Ain,84,Auvergne-Rhône-Alpes
1129,CRANS,1320,CRANS,,45.9663793103,5.19490390871,129,,Crans,Crans,1,Ain,84,Auvergne-Rhône-Alpes
1130,CRAS SUR REYSSOUZE,1340,CRAS SUR REYSSOUZE,,46.3130831891,5.17796707174,130,,Cras-sur-Reyssouze,Cras-sur-Reyssouze,1,Ain,84,Auvergne-Rhône-Alpes
1133,CRESSIN ROCHEFORT,1350,CRESSIN ROCHEFORT,,45.7826434885,5.76546256637,133,,Cressin-Rochefort,Cressin-Rochefort,1,Ain,84,Auvergne-Rhône-Alpes
1134,CROTTET,1290,CROTTET,,46.283072336,4.87747971182,134,,Crottet,Crottet,1,Ain,84,Auvergne-Rhône-Alpes
1134,CROTTET,1750,CROTTET,,46.283072336,4.87747971182,134,,Crottet,Crottet,1,Ain,84,Auvergne-Rhône-Alpes
1135,CROZET,1170,CROZET,,46.2915659686,5.99510417092,135,,Crozet,Crozet,1,Ain,84,Auvergne-Rhône-Alpes
1136,CRUZILLES LES MEPILLAT,1290,CRUZILLES LES MEPILLAT,,46.2220588715,4.8752193513,136,,Cruzilles-lès-Mépillat,Cruzilles-lès-Mépillat,1,Ain,84,Auvergne-Rhône-Alpes
1138,CULOZ,1350,CULOZ,,45.8559966843,5.78398308932,138,,Culoz,Culoz,1,Ain,84,Auvergne-Rhône-Alpes
1139,CURCIAT DONGALON,1560,CURCIAT DONGALON,,46.4885456881,5.16344336837,139,,Curciat-Dongalon,Curciat-Dongalon,1,Ain,84,Auvergne-Rhône-Alpes
1140,CURTAFOND,1310,CURTAFOND,,46.273150382,5.1020896267,140,,Curtafond,Curtafond,1,Ain,84,Auvergne-Rhône-Alpes
1141,CUZIEU,1300,CUZIEU,,45.8200002803,5.6765554896,141,,Cuzieu,Cuzieu,1,Ain,84,Auvergne-Rhône-Alpes
1142,DAGNEUX,1120,DAGNEUX,,45.8531616918,5.07289166803,142,,Dagneux,Dagneux,1,Ain,84,Auvergne-Rhône-Alpes
1143,DIVONNE LES BAINS,1220,DIVONNE LES BAINS,,46.3756333495,6.1158647611,143,,Divonne-les-Bains,Divonne-les-Bains,1,Ain,84,Auvergne-Rhône-Alpes
1144,DOMMARTIN,1380,DOMMARTIN,,46.33627762,4.99863894,144,,Dommartin,Dommartin,1,Ain,84,Auvergne-Rhône-Alpes
1145,DOMPIERRE SUR VEYLE,1240,DOMPIERRE SUR VEYLE,,46.0667883703,5.21665199666,145,,Dompierre-sur-Veyle,Dompierre-sur-Veyle,1,Ain,84,Auvergne-Rhône-Alpes
1146,DOMPIERRE SUR CHALARONNE,1400,DOMPIERRE SUR CHALARONNE,,46.1415406621,4.90141714714,146,,Dompierre-sur-Chalaronne,Dompierre-sur-Chalaronne,1,Ain,84,Auvergne-Rhône-Alpes
1147,DOMSURE,1270,DOMSURE,,46.4244066427,5.29313479651,147,,Domsure,Domsure,1,Ain,84,Auvergne-Rhône-Alpes
1148,DORTAN,1590,DORTAN,,46.3133221173,5.64146584117,148,,Dortan,Dortan,1,Ain,84,Auvergne-Rhône-Alpes
1149,DOUVRES,1500,DOUVRES,,45.984297392,5.37106901673,149,,Douvres,Douvres,1,Ain,84,Auvergne-Rhône-Alpes
1150,DROM,1250,DROM,,46.2196603059,5.36799994918,150,,Drom,Drom,1,Ain,84,Auvergne-Rhône-Alpes
1151,DRUILLAT,1160,DRUILLAT,,46.067579544,5.29361666429,151,,Druillat,Druillat,1,Ain,84,Auvergne-Rhône-Alpes
1152,ECHALLON,1130,ECHALLON,,46.2271364137,5.73330448395,152,,Échallon,Échallon,1,Ain,84,Auvergne-Rhône-Alpes
1153,ECHENEVEX,1170,ECHENEVEX,,46.3160845207,6.01926187996,153,,Échenevex,Échenevex,1,Ain,84,Auvergne-Rhône-Alpes
1154,ETREZ,1340,ETREZ,,46.3380891758,5.19286414645,154,,Étrez,Étrez,1,Ain,84,Auvergne-Rhône-Alpes
1155,EVOSGES,1230,EVOSGES,,45.965147537,5.50283599885,155,,Évosges,Évosges,1,Ain,84,Auvergne-Rhône-Alpes
1156,FARAMANS,1800,FARAMANS,,45.9104942091,5.1249258559,156,,Faramans,Faramans,1,Ain,84,Auvergne-Rhône-Alpes
1157,FAREINS,1480,FAREINS,,46.020997974,4.7620080898,157,,Fareins,Fareins,1,Ain,84,Auvergne-Rhône-Alpes
1158,FARGES,1550,FARGES,,46.166230455,5.90019477201,158,,Farges,Farges,1,Ain,84,Auvergne-Rhône-Alpes
1159,FEILLENS,1570,FEILLENS,,46.3365833672,4.88507050971,159,,Feillens,Feillens,1,Ain,84,Auvergne-Rhône-Alpes
1160,FERNEY VOLTAIRE,1210,FERNEY VOLTAIRE,,46.2519789243,6.10826403805,160,,Ferney-Voltaire,Ferney-Voltaire,1,Ain,84,Auvergne-Rhône-Alpes
1162,FLAXIEU,1350,FLAXIEU,,45.8113298005,5.74459048839,162,,Flaxieu,Flaxieu,1,Ain,84,Auvergne-Rhône-Alpes
1163,FOISSIAT,1340,FOISSIAT,,46.3784759782,5.18483641417,163,,Foissiat,Foissiat,1,Ain,84,Auvergne-Rhône-Alpes
1165,FRANCHELEINS,1090,FRANCHELEINS,,46.0735946256,4.81293575559,165,,Francheleins,Francheleins,1,Ain,84,Auvergne-Rhône-Alpes
1165,FRANCHELEINS,1090,FRANCHELEINS,AMAREINS,46.0735946256,4.81293575559,165,,Francheleins,Francheleins,1,Ain,84,Auvergne-Rhône-Alpes
1165,FRANCHELEINS,1090,FRANCHELEINS,CESSEINS,46.0735946256,4.81293575559,165,,Francheleins,Francheleins,1,Ain,84,Auvergne-Rhône-Alpes
1166,FRANS,1480,FRANS,,45.9939065077,4.78033196905,166,,Frans,Frans,1,Ain,84,Auvergne-Rhône-Alpes
1167,GARNERANS,1140,GARNERANS,,46.2136224825,4.82843188743,167,,Garnerans,Garnerans,1,Ain,84,Auvergne-Rhône-Alpes
1169,GENOUILLEUX,1090,GENOUILLEUX,,46.1201611728,4.79288195016,169,,Genouilleux,Genouilleux,1,Ain,84,Auvergne-Rhône-Alpes
1170,BEARD GEOVREISSIAT,1460,BEARD GEOVREISSIAT,,46.1896733539,5.55139781353,170,,Béard-Géovreissiat,Béard-Géovreissiat,1,Ain,84,Auvergne-Rhône-Alpes
1171,GEOVREISSET,1100,GEOVREISSET,,46.2508621615,5.61271973915,171,,Géovreisset,Géovreisset,1,Ain,84,Auvergne-Rhône-Alpes
1172,GERMAGNAT,1250,GERMAGNAT,,46.3054983344,5.45012798616,172,,Germagnat,Germagnat,1,Ain,84,Auvergne-Rhône-Alpes
1173,GEX,1170,GEX,,46.3471891747,6.04650555568,173,,Gex,Gex,1,Ain,84,Auvergne-Rhône-Alpes
1174,GIRON,1130,GIRON,,46.2227121191,5.78049809256,174,,Giron,Giron,1,Ain,84,Auvergne-Rhône-Alpes
1175,GORREVOD,1190,GORREVOD,,46.414943437,4.95120595427,175,,Gorrevod,Gorrevod,1,Ain,84,Auvergne-Rhône-Alpes
1177,GRAND CORENT,1250,GRAND CORENT,,46.207387937,5.43318666027,177,,Grand-Corent,Grand-Corent,1,Ain,84,Auvergne-Rhône-Alpes
1179,GRIEGES,1290,GRIEGES,,46.2633634407,4.84621318847,179,,Grièges,Grièges,1,Ain,84,Auvergne-Rhône-Alpes
1180,GRILLY,1220,GRILLY,,46.3318810665,6.11366767978,180,,Grilly,Grilly,1,Ain,84,Auvergne-Rhône-Alpes
1181,GROISSIAT,1100,GROISSIAT,,46.2260039429,5.61095413441,181,,Groissiat,Groissiat,1,Ain,84,Auvergne-Rhône-Alpes
1183,GUEREINS,1090,GUEREINS,,46.106624674,4.78159420118,183,,Guéreins,Guéreins,1,Ain,84,Auvergne-Rhône-Alpes
1184,HAUTECOURT ROMANECHE,1250,HAUTECOURT ROMANECHE,,46.1611241927,5.42944457639,184,,Hautecourt-Romanèche,Hautecourt-Romanèche,1,Ain,84,Auvergne-Rhône-Alpes
1184,HAUTECOURT ROMANECHE,1250,HAUTECOURT ROMANECHE,ROMANECHE,46.1611241927,5.42944457639,184,,Hautecourt-Romanèche,Hautecourt-Romanèche,1,Ain,84,Auvergne-Rhône-Alpes
1185,HAUTEVILLE LOMPNES,1110,HAUTEVILLE LOMPNES,,45.9696520061,5.57627261783,185,,Hauteville-Lompnes,Hauteville-Lompnes,1,Ain,84,Auvergne-Rhône-Alpes
1186,HOSTIAZ,1110,HOSTIAZ,,45.9061631889,5.54077986031,186,,Hostiaz,Hostiaz,1,Ain,84,Auvergne-Rhône-Alpes
1187,HAUT VALROMEY,1260,HAUT VALROMEY,HOTONNES,46.0317412192,5.70267027388,187,,Haut Valromey,Haut Valromey,1,Ain,84,Auvergne-Rhône-Alpes
1187,HAUT VALROMEY,1260,HAUT VALROMEY,LE GRAND ABERGEMENT,46.0317412192,5.70267027388,187,,Haut Valromey,Haut Valromey,1,Ain,84,Auvergne-Rhône-Alpes
1187,HAUT VALROMEY,1260,HAUT VALROMEY,LE PETIT ABERGEMENT,46.0317412192,5.70267027388,187,,Haut Valromey,Haut Valromey,1,Ain,84,Auvergne-Rhône-Alpes
1187,HAUT VALROMEY,1260,HAUT VALROMEY,SONGIEU,46.0317412192,5.70267027388,187,,Haut Valromey,Haut Valromey,1,Ain,84,Auvergne-Rhône-Alpes
1188,ILLIAT,1140,ILLIAT,,46.1866986838,4.88840344003,188,,Illiat,Illiat,1,Ain,84,Auvergne-Rhône-Alpes
1189,INJOUX GENISSIAT,1200,INJOUX GENISSIAT,,46.0497734524,5.75991363273,189,,Injoux-Génissiat,Injoux-Génissiat,1,Ain,84,Auvergne-Rhône-Alpes
1189,INJOUX GENISSIAT,1200,INJOUX GENISSIAT,CRAZ,46.0497734524,5.75991363273,189,,Injoux-Génissiat,Injoux-Génissiat,1,Ain,84,Auvergne-Rhône-Alpes
1190,INNIMOND,1680,INNIMOND,,45.7919647191,5.57389398559,190,,Innimond,Innimond,1,Ain,84,Auvergne-Rhône-Alpes
1191,IZENAVE,1430,IZENAVE,,46.0381623415,5.52447901164,191,,Izenave,Izenave,1,Ain,84,Auvergne-Rhône-Alpes
1192,IZERNORE,1580,IZERNORE,,46.2179780137,5.56258251719,192,,Izernore,Izernore,1,Ain,84,Auvergne-Rhône-Alpes
1193,IZIEU,1300,IZIEU,,45.6557496407,5.63909140794,193,,Izieu,Izieu,1,Ain,84,Auvergne-Rhône-Alpes
1194,JASSANS RIOTTIER,1480,JASSANS RIOTTIER,,45.9777239103,4.75984637871,194,,Jassans-Riottier,Jassans-Riottier,1,Ain,84,Auvergne-Rhône-Alpes
1195,JASSERON,1250,JASSERON,,46.2150037064,5.31215372338,195,,Jasseron,Jasseron,1,Ain,84,Auvergne-Rhône-Alpes
1196,JAYAT,1340,JAYAT,,46.3660828991,5.11429701617,196,,Jayat,Jayat,1,Ain,84,Auvergne-Rhône-Alpes
1197,JOURNANS,1250,JOURNANS,,46.1464982407,5.33452833151,197,,Journans,Journans,1,Ain,84,Auvergne-Rhône-Alpes
1198,JOYEUX,1800,JOYEUX,,45.9499899849,5.10261326872,198,,Joyeux,Joyeux,1,Ain,84,Auvergne-Rhône-Alpes
1199,JUJURIEUX,1640,JUJURIEUX,,46.0497041467,5.41094771899,199,,Jujurieux,Jujurieux,1,Ain,84,Auvergne-Rhône-Alpes
1200,LABALME,1450,LABALME,,46.0932491295,5.49438685213,200,,Labalme,Labalme,1,Ain,84,Auvergne-Rhône-Alpes
1202,LAGNIEU,1150,LAGNIEU,,45.8917015798,5.32917518895,202,,Lagnieu,Lagnieu,1,Ain,84,Auvergne-Rhône-Alpes
1203,LAIZ,1290,LAIZ,,46.2469919709,4.89933490972,203,,Laiz,Laiz,1,Ain,84,Auvergne-Rhône-Alpes
1204,LE POIZAT LALLEYRIAT,1130,LE POIZAT LALLEYRIAT,,46.1479592076,5.71829194244,204,Le,Poizat-Lalleyriat,Le Poizat-Lalleyriat,1,Ain,84,Auvergne-Rhône-Alpes
1204,LE POIZAT LALLEYRIAT,1130,LE POIZAT LALLEYRIAT,LE POIZAT,46.1479592076,5.71829194244,204,Le,Poizat-Lalleyriat,Le Poizat-Lalleyriat,1,Ain,84,Auvergne-Rhône-Alpes
1205,LANCRANS,1200,LANCRANS,,46.1323202721,5.84050985141,205,,Lancrans,Lancrans,1,Ain,84,Auvergne-Rhône-Alpes
1206,LANTENAY,1430,LANTENAY,,46.0544405897,5.54127421165,206,,Lantenay,Lantenay,1,Ain,84,Auvergne-Rhône-Alpes
1207,LAPEYROUSE,1330,LAPEYROUSE,,45.9859131165,4.98196682865,207,,Lapeyrouse,Lapeyrouse,1,Ain,84,Auvergne-Rhône-Alpes
1208,LAVOURS,1350,LAVOURS,,45.8108837933,5.77267317838,208,,Lavours,Lavours,1,Ain,84,Auvergne-Rhône-Alpes
1209,LEAZ,1200,LEAZ,,46.1086518044,5.87649017888,209,,Léaz,Léaz,1,Ain,84,Auvergne-Rhône-Alpes
1210,LELEX,1410,LELEX,,46.2855010936,5.92927713771,210,,Lélex,Lélex,1,Ain,84,Auvergne-Rhône-Alpes
1211,LENT,1240,LENT,,46.1160216305,5.20200684747,211,,Lent,Lent,1,Ain,84,Auvergne-Rhône-Alpes
1212,LESCHEROUX,1560,LESCHEROUX,,46.4114892731,5.15107164478,212,,Lescheroux,Lescheroux,1,Ain,84,Auvergne-Rhône-Alpes
1213,LEYMENT,1150,LEYMENT,,45.9269989549,5.2947657235,213,,Leyment,Leyment,1,Ain,84,Auvergne-Rhône-Alpes
1214,LEYSSARD,1450,LEYSSARD,,46.1624187428,5.47633297491,214,,Leyssard,Leyssard,1,Ain,84,Auvergne-Rhône-Alpes
1215,LHOPITAL,1420,LHOPITAL,,46.0238143134,5.76236736492,215,,Lhôpital,Lhôpital,1,Ain,84,Auvergne-Rhône-Alpes
1216,LHUIS,1680,LHUIS,,45.7444141403,5.53602066955,216,,Lhuis,Lhuis,1,Ain,84,Auvergne-Rhône-Alpes
1218,LOCHIEU,1260,LOCHIEU,,45.9302479879,5.7413126836,218,,Lochieu,Lochieu,1,Ain,84,Auvergne-Rhône-Alpes
1219,LOMPNAS,1680,LOMPNAS,,45.8105943351,5.52320457866,219,,Lompnas,Lompnas,1,Ain,84,Auvergne-Rhône-Alpes
1221,LOMPNIEU,1260,LOMPNIEU,,45.9690865613,5.65968816497,221,,Lompnieu,Lompnieu,1,Ain,84,Auvergne-Rhône-Alpes
1224,LOYETTES,1360,LOYETTES,,45.7921564114,5.21770971647,224,,Loyettes,Loyettes,1,Ain,84,Auvergne-Rhône-Alpes
1225,LURCY,1090,LURCY,,46.061730034,4.78075207026,225,,Lurcy,Lurcy,1,Ain,84,Auvergne-Rhône-Alpes
1227,MAGNIEU,1300,MAGNIEU,,45.7754050255,5.71540945601,227,,Magnieu,Magnieu,1,Ain,84,Auvergne-Rhône-Alpes
1228,MAILLAT,1430,MAILLAT,,46.1201642836,5.52854394238,228,,Maillat,Maillat,1,Ain,84,Auvergne-Rhône-Alpes
1229,MALAFRETAZ,1340,MALAFRETAZ,,46.3295545661,5.14386299599,229,,Malafretaz,Malafretaz,1,Ain,84,Auvergne-Rhône-Alpes
1230,MANTENAY MONTLIN,1560,MANTENAY MONTLIN,,46.4302754511,5.10675899732,230,,Mantenay-Montlin,Mantenay-Montlin,1,Ain,84,Auvergne-Rhône-Alpes
1231,MANZIAT,1570,MANZIAT,,46.3643830585,4.90242777155,231,,Manziat,Manziat,1,Ain,84,Auvergne-Rhône-Alpes
1232,MARBOZ,1851,MARBOZ,,46.3434312497,5.24374534963,232,,Marboz,Marboz,1,Ain,84,Auvergne-Rhône-Alpes
1233,MARCHAMP,1680,MARCHAMP,,45.7738495266,5.54985181107,233,,Marchamp,Marchamp,1,Ain,84,Auvergne-Rhône-Alpes
1234,MARIGNIEU,1300,MARIGNIEU,,45.8010384947,5.71570352924,234,,Marignieu,Marignieu,1,Ain,84,Auvergne-Rhône-Alpes
1235,MARLIEUX,1240,MARLIEUX,,46.0549073186,5.0741150816,235,,Marlieux,Marlieux,1,Ain,84,Auvergne-Rhône-Alpes
1236,MARSONNAS,1340,MARSONNAS,,46.3409117711,5.06434294764,236,,Marsonnas,Marsonnas,1,Ain,84,Auvergne-Rhône-Alpes
1237,MARTIGNAT,1100,MARTIGNAT,,46.2030768095,5.61384033805,237,,Martignat,Martignat,1,Ain,84,Auvergne-Rhône-Alpes
1238,MASSIEUX,1600,MASSIEUX,,45.9094016817,4.82779660051,238,,Massieux,Massieux,1,Ain,84,Auvergne-Rhône-Alpes
1239,MASSIGNIEU DE RIVES,1300,MASSIGNIEU DE RIVES,,45.7571503942,5.7620535823,239,,Massignieu-de-Rives,Massignieu-de-Rives,1,Ain,84,Auvergne-Rhône-Alpes
1240,MATAFELON GRANGES,1580,MATAFELON GRANGES,,46.2565319445,5.53958933702,240,,Matafelon-Granges,Matafelon-Granges,1,Ain,84,Auvergne-Rhône-Alpes
1240,MATAFELON GRANGES,1580,MATAFELON GRANGES,GRANGES,46.2565319445,5.53958933702,240,,Matafelon-Granges,Matafelon-Granges,1,Ain,84,Auvergne-Rhône-Alpes
1241,MEILLONNAS,1370,MEILLONNAS,,46.244997627,5.33594738489,241,,Meillonnas,Meillonnas,1,Ain,84,Auvergne-Rhône-Alpes
1242,MERIGNAT,1450,MERIGNAT,,46.0648564341,5.44210660051,242,,Mérignat,Mérignat,1,Ain,84,Auvergne-Rhône-Alpes
1243,MESSIMY SUR SAONE,1480,MESSIMY SUR SAONE,,46.0472670758,4.75935643933,243,,Messimy-sur-Saône,Messimy-sur-Saône,1,Ain,84,Auvergne-Rhône-Alpes
1244,MEXIMIEUX,1800,MEXIMIEUX,,45.9060530318,5.20404833653,244,,Meximieux,Meximieux,1,Ain,84,Auvergne-Rhône-Alpes
1245,BOHAS MEYRIAT RIGNAT,1250,BOHAS MEYRIAT RIGNAT,,46.1427060662,5.3780109646,245,,Bohas-Meyriat-Rignat,Bohas-Meyriat-Rignat,1,Ain,84,Auvergne-Rhône-Alpes
1245,BOHAS MEYRIAT RIGNAT,1250,BOHAS MEYRIAT RIGNAT,BOHAS,46.1427060662,5.3780109646,245,,Bohas-Meyriat-Rignat,Bohas-Meyriat-Rignat,1,Ain,84,Auvergne-Rhône-Alpes
1245,BOHAS MEYRIAT RIGNAT,1250,BOHAS MEYRIAT RIGNAT,RIGNAT,46.1427060662,5.3780109646,245,,Bohas-Meyriat-Rignat,Bohas-Meyriat-Rignat,1,Ain,84,Auvergne-Rhône-Alpes
1246,MEZERIAT,1660,MEZERIAT,,46.2423102101,5.04725416984,246,,Mézériat,Mézériat,1,Ain,84,Auvergne-Rhône-Alpes
1247,MIJOUX,1170,MIJOUX,,46.3622451724,6.00902631941,247,,Mijoux,Mijoux,1,Ain,84,Auvergne-Rhône-Alpes
1247,MIJOUX,1410,MIJOUX,,46.3622451724,6.00902631941,247,,Mijoux,Mijoux,1,Ain,84,Auvergne-Rhône-Alpes
1248,MIONNAY,1390,MIONNAY,,45.8955939299,4.92416967439,248,,Mionnay,Mionnay,1,Ain,84,Auvergne-Rhône-Alpes
1249,MIRIBEL,1700,MIRIBEL,,45.8442099203,4.94106746787,249,,Miribel,Miribel,1,Ain,84,Auvergne-Rhône-Alpes
1249,MIRIBEL,1700,MIRIBEL,LE MAS RILLIER,45.8442099203,4.94106746787,249,,Miribel,Miribel,1,Ain,84,Auvergne-Rhône-Alpes
1249,MIRIBEL,1700,MIRIBEL,LES ECHETS,45.8442099203,4.94106746787,249,,Miribel,Miribel,1,Ain,84,Auvergne-Rhône-Alpes
1250,MISERIEUX,1600,MISERIEUX,,45.9762325343,4.81028471711,250,,Misérieux,Misérieux,1,Ain,84,Auvergne-Rhône-Alpes
1252,MOGNENEINS,1140,MOGNENEINS,,46.1446696076,4.820110702,252,,Mogneneins,Mogneneins,1,Ain,84,Auvergne-Rhône-Alpes
1254,MONTAGNAT,1250,MONTAGNAT,,46.1686969123,5.27962107938,254,,Montagnat,Montagnat,1,Ain,84,Auvergne-Rhône-Alpes
1255,MONTAGNIEU,1470,MONTAGNIEU,,45.799449019,5.46428608859,255,,Montagnieu,Montagnieu,1,Ain,84,Auvergne-Rhône-Alpes
1257,MONTANGES,1200,MONTANGES,,46.17325293,5.79006091307,257,,Montanges,Montanges,1,Ain,84,Auvergne-Rhône-Alpes
1258,MONTCEAUX,1090,MONTCEAUX,,46.0962893261,4.80453564172,258,,Montceaux,Montceaux,1,Ain,84,Auvergne-Rhône-Alpes
1259,MONTCET,1310,MONTCET,,46.219333227,5.11149132074,259,,Montcet,Montcet,1,Ain,84,Auvergne-Rhône-Alpes
1260,LE MONTELLIER,1800,LE MONTELLIER,,45.9287482486,5.07092815964,260,Le,Montellier,Le Montellier,1,Ain,84,Auvergne-Rhône-Alpes
1261,MONTHIEUX,1390,MONTHIEUX,,45.9622791838,4.94555984534,261,,Monthieux,Monthieux,1,Ain,84,Auvergne-Rhône-Alpes
1262,MONTLUEL,1120,MONTLUEL,,45.8909006209,5.01987566185,262,,Montluel,Montluel,1,Ain,84,Auvergne-Rhône-Alpes
1262,MONTLUEL,1120,MONTLUEL,CORDIEUX,45.8909006209,5.01987566185,262,,Montluel,Montluel,1,Ain,84,Auvergne-Rhône-Alpes
1262,MONTLUEL,1120,MONTLUEL,JAILLEUX,45.8909006209,5.01987566185,262,,Montluel,Montluel,1,Ain,84,Auvergne-Rhône-Alpes
1263,MONTMERLE SUR SAONE,1090,MONTMERLE SUR SAONE,,46.0849573236,4.7608579486,263,,Montmerle-sur-Saône,Montmerle-sur-Saône,1,Ain,84,Auvergne-Rhône-Alpes
1264,MONTRACOL,1310,MONTRACOL,,46.1867200301,5.11706011755,264,,Montracol,Montracol,1,Ain,84,Auvergne-Rhône-Alpes
1265,MONTREAL LA CLUSE,1460,MONTREAL LA CLUSE,,46.1795688194,5.59510550127,265,,Montréal-la-Cluse,Montréal-la-Cluse,1,Ain,84,Auvergne-Rhône-Alpes
1266,MONTREVEL EN BRESSE,1340,MONTREVEL EN BRESSE,,46.3252811442,5.11295966315,266,,Montrevel-en-Bresse,Montrevel-en-Bresse,1,Ain,84,Auvergne-Rhône-Alpes
1267,NURIEUX VOLOGNAT,1460,NURIEUX VOLOGNAT,,46.1830720992,5.51435812316,267,,Nurieux-Volognat,Nurieux-Volognat,1,Ain,84,Auvergne-Rhône-Alpes
1267,NURIEUX VOLOGNAT,1460,NURIEUX VOLOGNAT,VOLOGNAT,46.1830720992,5.51435812316,267,,Nurieux-Volognat,Nurieux-Volognat,1,Ain,84,Auvergne-Rhône-Alpes
1268,MURS ET GELIGNIEUX,1300,MURS ET GELIGNIEUX,,45.6420014274,5.66039684889,268,,Murs-et-Gélignieux,Murs-et-Gélignieux,1,Ain,84,Auvergne-Rhône-Alpes
1269,NANTUA,1130,NANTUA,,46.1537845403,5.61352793799,269,,Nantua,Nantua,1,Ain,84,Auvergne-Rhône-Alpes
1269,NANTUA,1460,NANTUA,,46.1537845403,5.61352793799,269,,Nantua,Nantua,1,Ain,84,Auvergne-Rhône-Alpes
1272,NEUVILLE LES DAMES,1400,NEUVILLE LES DAMES,,46.1567753049,5.00942432434,272,,Neuville-les-Dames,Neuville-les-Dames,1,Ain,84,Auvergne-Rhône-Alpes
1273,NEUVILLE SUR AIN,1160,NEUVILLE SUR AIN,,46.0909654813,5.37349784691,273,,Neuville-sur-Ain,Neuville-sur-Ain,1,Ain,84,Auvergne-Rhône-Alpes
1274,LES NEYROLLES,1130,LES NEYROLLES,,46.1342937114,5.63714517869,274,Les,Neyrolles,Les Neyrolles,1,Ain,84,Auvergne-Rhône-Alpes
1275,NEYRON,1700,NEYRON,,45.8184192468,4.9309045685,275,,Neyron,Neyron,1,Ain,84,Auvergne-Rhône-Alpes
1276,NIEVROZ,1120,NIEVROZ,,45.8222941077,5.05949629195,276,,Niévroz,Niévroz,1,Ain,84,Auvergne-Rhône-Alpes
1277,NIVOLLET MONTGRIFFON,1230,NIVOLLET MONTGRIFFON,,45.9999448244,5.45847815374,277,,Nivollet-Montgriffon,Nivollet-Montgriffon,1,Ain,84,Auvergne-Rhône-Alpes
1279,ONCIEU,1230,ONCIEU,,45.9651165469,5.47146617499,279,,Oncieu,Oncieu,1,Ain,84,Auvergne-Rhône-Alpes
1280,ORDONNAZ,1510,ORDONNAZ,,45.8339690378,5.5395794296,280,,Ordonnaz,Ordonnaz,1,Ain,84,Auvergne-Rhône-Alpes
1281,ORNEX,1210,ORNEX,,46.2774557513,6.09454723599,281,,Ornex,Ornex,1,Ain,84,Auvergne-Rhône-Alpes
1282,OUTRIAZ,1430,OUTRIAZ,,46.067796636,5.55697547429,282,,Outriaz,Outriaz,1,Ain,84,Auvergne-Rhône-Alpes
1283,OYONNAX,1100,OYONNAX,,46.2605435859,5.65344320923,283,,Oyonnax,Oyonnax,1,Ain,84,Auvergne-Rhône-Alpes
1283,OYONNAX,1100,OYONNAX,BOUVENT,46.2605435859,5.65344320923,283,,Oyonnax,Oyonnax,1,Ain,84,Auvergne-Rhône-Alpes
1283,OYONNAX,1100,OYONNAX,VEYZIAT,46.2605435859,5.65344320923,283,,Oyonnax,Oyonnax,1,Ain,84,Auvergne-Rhône-Alpes
1284,OZAN,1190,OZAN,,46.3867168877,4.91805840196,284,,Ozan,Ozan,1,Ain,84,Auvergne-Rhône-Alpes
1285,PARCIEUX,1600,PARCIEUX,,45.9184267932,4.82747423402,285,,Parcieux,Parcieux,1,Ain,84,Auvergne-Rhône-Alpes
1286,PARVES ET NATTAGES,1300,PARVES ET NATTAGES,,45.7437340183,5.73800737134,286,,Parves et Nattages,Parves et Nattages,1,Ain,84,Auvergne-Rhône-Alpes
1286,PARVES ET NATTAGES,1300,PARVES ET NATTAGES,NATTAGES,45.7437340183,5.73800737134,286,,Parves et Nattages,Parves et Nattages,1,Ain,84,Auvergne-Rhône-Alpes
1288,PERON,1630,PERON,,46.1913554154,5.91968751164,288,,Péron,Péron,1,Ain,84,Auvergne-Rhône-Alpes
1289,PERONNAS,1960,PERONNAS,,46.1711903413,5.21802169564,289,,Péronnas,Péronnas,1,Ain,84,Auvergne-Rhône-Alpes
1290,PEROUGES,1800,PEROUGES,,45.8803945768,5.17955874977,290,,Pérouges,Pérouges,1,Ain,84,Auvergne-Rhône-Alpes
1291,PERREX,1540,PERREX,,46.2465065604,4.97464940331,291,,Perrex,Perrex,1,Ain,84,Auvergne-Rhône-Alpes
1293,PEYRIAT,1430,PEYRIAT,,46.1498184067,5.50572312284,293,,Peyriat,Peyriat,1,Ain,84,Auvergne-Rhône-Alpes
1294,PEYRIEU,1300,PEYRIEU,,45.6762428663,5.67912809192,294,,Peyrieu,Peyrieu,1,Ain,84,Auvergne-Rhône-Alpes
1295,PEYZIEUX SUR SAONE,1140,PEYZIEUX SUR SAONE,,46.1226331853,4.82243226719,295,,Peyzieux-sur-Saône,Peyzieux-sur-Saône,1,Ain,84,Auvergne-Rhône-Alpes
1296,PIRAJOUX,1270,PIRAJOUX,,46.385801285,5.27417594024,296,,Pirajoux,Pirajoux,1,Ain,84,Auvergne-Rhône-Alpes
1297,PIZAY,1120,PIZAY,,45.8928509581,5.08915465965,297,,Pizay,Pizay,1,Ain,84,Auvergne-Rhône-Alpes
1298,PLAGNE,1130,PLAGNE,,46.1883038423,5.71763811249,298,,Plagne,Plagne,1,Ain,84,Auvergne-Rhône-Alpes
1299,LE PLANTAY,1330,LE PLANTAY,,46.0230264227,5.08912046926,299,Le,Plantay,Le Plantay,1,Ain,84,Auvergne-Rhône-Alpes
1301,POLLIAT,1310,POLLIAT,,46.2463108642,5.13794412439,301,,Polliat,Polliat,1,Ain,84,Auvergne-Rhône-Alpes
1302,POLLIEU,1350,POLLIEU,,45.7965373468,5.74794515549,302,,Pollieu,Pollieu,1,Ain,84,Auvergne-Rhône-Alpes
1303,PONCIN,1450,PONCIN,,46.089530586,5.41681266947,303,,Poncin,Poncin,1,Ain,84,Auvergne-Rhône-Alpes
1304,PONT D AIN,1160,PONT D AIN,,46.0542077091,5.34703652618,304,,Pont-d'Ain,Pont-d'Ain,1,Ain,84,Auvergne-Rhône-Alpes
1305,PONT DE VAUX,1190,PONT DE VAUX,,46.4422864477,4.92862459427,305,,Pont-de-Vaux,Pont-de-Vaux,1,Ain,84,Auvergne-Rhône-Alpes
1306,PONT DE VEYLE,1290,PONT DE VEYLE,,46.2637215091,4.88186068102,306,,Pont-de-Veyle,Pont-de-Veyle,1,Ain,84,Auvergne-Rhône-Alpes
1307,PORT,1460,PORT,,46.155963139,5.57615832883,307,,Port,Port,1,Ain,84,Auvergne-Rhône-Alpes
1308,POUGNY,1550,POUGNY,,46.1450914685,5.95100479291,308,,Pougny,Pougny,1,Ain,84,Auvergne-Rhône-Alpes
1309,POUILLAT,1250,POUILLAT,,46.3219301481,5.42318000482,309,,Pouillat,Pouillat,1,Ain,84,Auvergne-Rhône-Alpes
1310,PREMEYZEL,1300,PREMEYZEL,,45.6806263123,5.64396081449,310,,Prémeyzel,Prémeyzel,1,Ain,84,Auvergne-Rhône-Alpes
1311,PREMILLIEU,1110,PREMILLIEU,,45.876457149,5.56475010385,311,,Prémillieu,Prémillieu,1,Ain,84,Auvergne-Rhône-Alpes
1313,PREVESSIN MOENS,1280,PREVESSIN MOENS,,46.25827228,6.07223251859,313,,Prévessin-Moëns,Prévessin-Moëns,1,Ain,84,Auvergne-Rhône-Alpes
1313,PREVESSIN MOENS,1280,PREVESSIN MOENS,MOENS,46.25827228,6.07223251859,313,,Prévessin-Moëns,Prévessin-Moëns,1,Ain,84,Auvergne-Rhône-Alpes
1314,PRIAY,1160,PRIAY,,46.0197521486,5.28523353803,314,,Priay,Priay,1,Ain,84,Auvergne-Rhône-Alpes
1316,PUGIEU,1510,PUGIEU,,45.8176794806,5.64970405499,316,,Pugieu,Pugieu,1,Ain,84,Auvergne-Rhône-Alpes
1317,RAMASSE,1250,RAMASSE,,46.1905550894,5.35572056985,317,,Ramasse,Ramasse,1,Ain,84,Auvergne-Rhône-Alpes
1318,RANCE,1390,RANCE,,45.9673905154,4.86343025951,318,,Rancé,Rancé,1,Ain,84,Auvergne-Rhône-Alpes
1319,RELEVANT,1990,RELEVANT,,46.0843657897,4.94176845356,319,,Relevant,Relevant,1,Ain,84,Auvergne-Rhône-Alpes
1320,REPLONGES,1750,REPLONGES,,46.3077356023,4.8746938271,320,,Replonges,Replonges,1,Ain,84,Auvergne-Rhône-Alpes
1321,REVONNAS,1250,REVONNAS,,46.1615355815,5.33543916388,321,,Revonnas,Revonnas,1,Ain,84,Auvergne-Rhône-Alpes
1322,REYRIEUX,1600,REYRIEUX,,45.9367652442,4.82840395968,322,,Reyrieux,Reyrieux,1,Ain,84,Auvergne-Rhône-Alpes
1323,REYSSOUZE,1190,REYSSOUZE,,46.4285569061,4.91285056272,323,,Reyssouze,Reyssouze,1,Ain,84,Auvergne-Rhône-Alpes
1325,RIGNIEUX LE FRANC,1800,RIGNIEUX LE FRANC,,45.9518762734,5.16936671105,325,,Rignieux-le-Franc,Rignieux-le-Franc,1,Ain,84,Auvergne-Rhône-Alpes
1328,ROMANS,1400,ROMANS,,46.1237520756,5.0217131176,328,,Romans,Romans,1,Ain,84,Auvergne-Rhône-Alpes
1329,ROSSILLON,1510,ROSSILLON,,45.8363854589,5.59926863007,329,,Rossillon,Rossillon,1,Ain,84,Auvergne-Rhône-Alpes
1330,RUFFIEU,1260,RUFFIEU,,46.0037108867,5.65322391497,330,,Ruffieu,Ruffieu,1,Ain,84,Auvergne-Rhône-Alpes
1331,ST ALBAN,1450,ST ALBAN,,46.0983335519,5.45573839846,331,,Saint-Alban,Saint-Alban,1,Ain,84,Auvergne-Rhône-Alpes
1332,ST ANDRE DE BAGE,1380,ST ANDRE DE BAGE,,46.298541568,4.91411565769,332,,Saint-André-de-Bâgé,Saint-André-de-Bâgé,1,Ain,84,Auvergne-Rhône-Alpes
1333,ST ANDRE DE CORCY,1390,ST ANDRE DE CORCY,,45.927001954,4.95373324492,333,,Saint-André-de-Corcy,Saint-André-de-Corcy,1,Ain,84,Auvergne-Rhône-Alpes
1334,ST ANDRE D HUIRIAT,1290,ST ANDRE D HUIRIAT,,46.2140960915,4.91291358797,334,,Saint-André-d'Huiriat,Saint-André-d'Huiriat,1,Ain,84,Auvergne-Rhône-Alpes
1335,ST ANDRE LE BOUCHOUX,1240,ST ANDRE LE BOUCHOUX,,46.1131399612,5.0802376895,335,,Saint-André-le-Bouchoux,Saint-André-le-Bouchoux,1,Ain,84,Auvergne-Rhône-Alpes
1336,ST ANDRE SUR VIEUX JONC,1960,ST ANDRE SUR VIEUX JONC,,46.1492410532,5.14175200148,336,,Saint-André-sur-Vieux-Jonc,Saint-André-sur-Vieux-Jonc,1,Ain,84,Auvergne-Rhône-Alpes
1337,ST BENIGNE,1190,ST BENIGNE,,46.4519173207,4.95309825903,337,,Saint-Bénigne,Saint-Bénigne,1,Ain,84,Auvergne-Rhône-Alpes
1338,GROSLEE ST BENOIT,1300,GROSLEE ST BENOIT,,45.6891842277,5.5843972561,338,,Groslée-Saint-Benoit,Groslée-Saint-Benoit,1,Ain,84,Auvergne-Rhône-Alpes
1338,GROSLEE ST BENOIT,1680,GROSLEE ST BENOIT,GROSLEE,45.6891842277,5.5843972561,338,,Groslée-Saint-Benoit,Groslée-Saint-Benoit,1,Ain,84,Auvergne-Rhône-Alpes
1339,ST BERNARD,1600,ST BERNARD,,45.9493830581,4.74276628471,339,,Saint-Bernard,Saint-Bernard,1,Ain,84,Auvergne-Rhône-Alpes
1341,ST CHAMP,1300,ST CHAMP,,45.7825741014,5.7326531461,341,,Saint-Champ,Saint-Champ,1,Ain,84,Auvergne-Rhône-Alpes
1342,STE CROIX,1120,STE CROIX,,45.895522477,5.04935536228,342,,Sainte-Croix,Sainte-Croix,1,Ain,84,Auvergne-Rhône-Alpes
1343,ST CYR SUR MENTHON,1380,ST CYR SUR MENTHON,,46.2754005606,4.96757105158,343,,Saint-Cyr-sur-Menthon,Saint-Cyr-sur-Menthon,1,Ain,84,Auvergne-Rhône-Alpes
1344,ST DENIS LES BOURG,1000,ST DENIS LES BOURG,,46.2111998453,5.18462806771,344,,Saint-Denis-lès-Bourg,Saint-Denis-lès-Bourg,1,Ain,84,Auvergne-Rhône-Alpes
1345,ST DENIS EN BUGEY,1500,ST DENIS EN BUGEY,,45.9488551151,5.32367701698,345,,Saint-Denis-en-Bugey,Saint-Denis-en-Bugey,1,Ain,84,Auvergne-Rhône-Alpes
1346,ST DIDIER D AUSSIAT,1340,ST DIDIER D AUSSIAT,,46.3069992095,5.05820697692,346,,Saint-Didier-d'Aussiat,Saint-Didier-d'Aussiat,1,Ain,84,Auvergne-Rhône-Alpes
1347,ST DIDIER DE FORMANS,1600,ST DIDIER DE FORMANS,,45.9564926067,4.77766764875,347,,Saint-Didier-de-Formans,Saint-Didier-de-Formans,1,Ain,84,Auvergne-Rhône-Alpes
1348,ST DIDIER SUR CHALARONNE,1140,ST DIDIER SUR CHALARONNE,,46.1840408682,4.81645666173,348,,Saint-Didier-sur-Chalaronne,Saint-Didier-sur-Chalaronne,1,Ain,84,Auvergne-Rhône-Alpes
1349,ST ELOI,1800,ST ELOI,,45.9322494861,5.15187041178,349,,Saint-Éloi,Saint-Éloi,1,Ain,84,Auvergne-Rhône-Alpes
1350,ST ETIENNE DU BOIS,1370,ST ETIENNE DU BOIS,,46.2749447261,5.28428557632,350,,Saint-Étienne-du-Bois,Saint-Étienne-du-Bois,1,Ain,84,Auvergne-Rhône-Alpes
1351,ST ETIENNE SUR CHALARONNE,1140,ST ETIENNE SUR CHALARONNE,,46.1468059584,4.86696454244,351,,Saint-Étienne-sur-Chalaronne,Saint-Étienne-sur-Chalaronne,1,Ain,84,Auvergne-Rhône-Alpes
1352,ST ETIENNE SUR REYSSOUZE,1190,ST ETIENNE SUR REYSSOUZE,,46.4030398952,5.00605581573,352,,Saint-Étienne-sur-Reyssouze,Saint-Étienne-sur-Reyssouze,1,Ain,84,Auvergne-Rhône-Alpes
1353,STE EUPHEMIE,1600,STE EUPHEMIE,,45.9669798317,4.79478189169,353,,Sainte-Euphémie,Sainte-Euphémie,1,Ain,84,Auvergne-Rhône-Alpes
1354,ST GENIS POUILLY,1630,ST GENIS POUILLY,,46.254539333,6.0362907345,354,,Saint-Genis-Pouilly,Saint-Genis-Pouilly,1,Ain,84,Auvergne-Rhône-Alpes
1355,ST GENIS SUR MENTHON,1380,ST GENIS SUR MENTHON,,46.2815955593,5.01311826405,355,,Saint-Genis-sur-Menthon,Saint-Genis-sur-Menthon,1,Ain,84,Auvergne-Rhône-Alpes
1356,ST GEORGES SUR RENON,1400,ST GEORGES SUR RENON,,46.1037951263,5.03001967494,356,,Saint-Georges-sur-Renon,Saint-Georges-sur-Renon,1,Ain,84,Auvergne-Rhône-Alpes
1357,ST GERMAIN DE JOUX,1130,ST GERMAIN DE JOUX,,46.1821955394,5.74672259773,357,,Saint-Germain-de-Joux,Saint-Germain-de-Joux,1,Ain,84,Auvergne-Rhône-Alpes
1358,ST GERMAIN LES PAROISSES,1300,ST GERMAIN LES PAROISSES,,45.7709749249,5.61753440834,358,,Saint-Germain-les-Paroisses,Saint-Germain-les-Paroisses,1,Ain,84,Auvergne-Rhône-Alpes
1359,ST GERMAIN SUR RENON,1240,ST GERMAIN SUR RENON,,46.0797285417,5.06090903982,359,,Saint-Germain-sur-Renon,Saint-Germain-sur-Renon,1,Ain,84,Auvergne-Rhône-Alpes
1360,ST JEAN DE GONVILLE,1630,ST JEAN DE GONVILLE,,46.2178585727,5.94203093769,360,,Saint-Jean-de-Gonville,Saint-Jean-de-Gonville,1,Ain,84,Auvergne-Rhône-Alpes
1361,ST JEAN DE NIOST,1800,ST JEAN DE NIOST,,45.8405002569,5.21167430462,361,,Saint-Jean-de-Niost,Saint-Jean-de-Niost,1,Ain,84,Auvergne-Rhône-Alpes
1362,ST JEAN DE THURIGNEUX,1390,ST JEAN DE THURIGNEUX,,45.9598424323,4.89936410681,362,,Saint-Jean-de-Thurigneux,Saint-Jean-de-Thurigneux,1,Ain,84,Auvergne-Rhône-Alpes
1363,ST JEAN LE VIEUX,1640,ST JEAN LE VIEUX,,46.0291437714,5.38252835538,363,,Saint-Jean-le-Vieux,Saint-Jean-le-Vieux,1,Ain,84,Auvergne-Rhône-Alpes
1364,ST JEAN SUR REYSSOUZE,1560,ST JEAN SUR REYSSOUZE,,46.3972479854,5.06297763777,364,,Saint-Jean-sur-Reyssouze,Saint-Jean-sur-Reyssouze,1,Ain,84,Auvergne-Rhône-Alpes
1365,ST JEAN SUR VEYLE,1290,ST JEAN SUR VEYLE,,46.2683632132,4.92198366998,365,,Saint-Jean-sur-Veyle,Saint-Jean-sur-Veyle,1,Ain,84,Auvergne-Rhône-Alpes
1366,STE JULIE,1150,STE JULIE,,45.8819723176,5.28452304614,366,,Sainte-Julie,Sainte-Julie,1,Ain,84,Auvergne-Rhône-Alpes
1367,ST JULIEN SUR REYSSOUZE,1560,ST JULIEN SUR REYSSOUZE,,46.3997655501,5.10354296019,367,,Saint-Julien-sur-Reyssouze,Saint-Julien-sur-Reyssouze,1,Ain,84,Auvergne-Rhône-Alpes
1368,ST JULIEN SUR VEYLE,1540,ST JULIEN SUR VEYLE,,46.2014862081,4.959356342,368,,Saint-Julien-sur-Veyle,Saint-Julien-sur-Veyle,1,Ain,84,Auvergne-Rhône-Alpes
1369,ST JUST,1250,ST JUST,,46.1929758576,5.28494181398,369,,Saint-Just,Saint-Just,1,Ain,84,Auvergne-Rhône-Alpes
1370,ST LAURENT SUR SAONE,1750,ST LAURENT SUR SAONE,,46.3051486294,4.83949202669,370,,Saint-Laurent-sur-Saône,Saint-Laurent-sur-Saône,1,Ain,84,Auvergne-Rhône-Alpes
1371,ST MARCEL,1390,ST MARCEL,,45.9485803654,4.9896671017,371,,Saint-Marcel,Saint-Marcel,1,Ain,84,Auvergne-Rhône-Alpes
1372,ST MARTIN DE BAVEL,1510,ST MARTIN DE BAVEL,,45.848212674,5.67889099153,372,,Saint-Martin-de-Bavel,Saint-Martin-de-Bavel,1,Ain,84,Auvergne-Rhône-Alpes
1373,ST MARTIN DU FRENE,1430,ST MARTIN DU FRENE,,46.135983782,5.57106016428,373,,Saint-Martin-du-Frêne,Saint-Martin-du-Frêne,1,Ain,84,Auvergne-Rhône-Alpes
1374,ST MARTIN DU MONT,1160,ST MARTIN DU MONT,,46.1061500835,5.32551470817,374,,Saint-Martin-du-Mont,Saint-Martin-du-Mont,1,Ain,84,Auvergne-Rhône-Alpes
1375,ST MARTIN LE CHATEL,1310,ST MARTIN LE CHATEL,,46.291445874,5.12291715091,375,,Saint-Martin-le-Châtel,Saint-Martin-le-Châtel,1,Ain,84,Auvergne-Rhône-Alpes
1376,ST MAURICE DE BEYNOST,1700,ST MAURICE DE BEYNOST,,45.8343709108,4.97726215174,376,,Saint-Maurice-de-Beynost,Saint-Maurice-de-Beynost,1,Ain,84,Auvergne-Rhône-Alpes
1378,ST MAURICE DE GOURDANS,1800,ST MAURICE DE GOURDANS,,45.8200191939,5.16980415584,378,,Saint-Maurice-de-Gourdans,Saint-Maurice-de-Gourdans,1,Ain,84,Auvergne-Rhône-Alpes
1379,ST MAURICE DE REMENS,1500,ST MAURICE DE REMENS,,45.9527471237,5.2708276475,379,,Saint-Maurice-de-Rémens,Saint-Maurice-de-Rémens,1,Ain,84,Auvergne-Rhône-Alpes
1380,ST NIZIER LE BOUCHOUX,1560,ST NIZIER LE BOUCHOUX,,46.4528537121,5.1759906585,380,,Saint-Nizier-le-Bouchoux,Saint-Nizier-le-Bouchoux,1,Ain,84,Auvergne-Rhône-Alpes
1381,ST NIZIER LE DESERT,1320,ST NIZIER LE DESERT,,46.052861561,5.14246131764,381,,Saint-Nizier-le-Désert,Saint-Nizier-le-Désert,1,Ain,84,Auvergne-Rhône-Alpes
1382,STE OLIVE,1330,STE OLIVE,,46.0142006121,4.93624894982,382,,Sainte-Olive,Sainte-Olive,1,Ain,84,Auvergne-Rhône-Alpes
1383,ST PAUL DE VARAX,1240,ST PAUL DE VARAX,,46.0956691617,5.12762470203,383,,Saint-Paul-de-Varax,Saint-Paul-de-Varax,1,Ain,84,Auvergne-Rhône-Alpes
1384,ST RAMBERT EN BUGEY,1230,ST RAMBERT EN BUGEY,,45.9504631708,5.44017084612,384,,Saint-Rambert-en-Bugey,Saint-Rambert-en-Bugey,1,Ain,84,Auvergne-Rhône-Alpes
1385,ST REMY,1310,ST REMY,,46.1846642149,5.16771354778,385,,Saint-Rémy,Saint-Rémy,1,Ain,84,Auvergne-Rhône-Alpes
1386,ST SORLIN EN BUGEY,1150,ST SORLIN EN BUGEY,,45.886308438,5.37608915006,386,,Saint-Sorlin-en-Bugey,Saint-Sorlin-en-Bugey,1,Ain,84,Auvergne-Rhône-Alpes
1387,ST SULPICE,1340,ST SULPICE,,46.3209806116,5.04148389346,387,,Saint-Sulpice,Saint-Sulpice,1,Ain,84,Auvergne-Rhône-Alpes
1388,ST TRIVIER DE COURTES,1560,ST TRIVIER DE COURTES,,46.4612969335,5.06679195727,388,,Saint-Trivier-de-Courtes,Saint-Trivier-de-Courtes,1,Ain,84,Auvergne-Rhône-Alpes
1389,ST TRIVIER SUR MOIGNANS,1990,ST TRIVIER SUR MOIGNANS,,46.0618477991,4.90158948884,389,,Saint-Trivier-sur-Moignans,Saint-Trivier-sur-Moignans,1,Ain,84,Auvergne-Rhône-Alpes
1390,ST VULBAS,1150,ST VULBAS,,45.8222315102,5.27019602929,390,,Saint-Vulbas,Saint-Vulbas,1,Ain,84,Auvergne-Rhône-Alpes
1391,SALAVRE,1270,SALAVRE,,46.3635396668,5.34742387197,391,,Salavre,Salavre,1,Ain,84,Auvergne-Rhône-Alpes
1392,SAMOGNAT,1580,SAMOGNAT,,46.2648715781,5.58607689306,392,,Samognat,Samognat,1,Ain,84,Auvergne-Rhône-Alpes
1393,SANDRANS,1400,SANDRANS,,46.0656961548,4.98282673172,393,,Sandrans,Sandrans,1,Ain,84,Auvergne-Rhône-Alpes
1396,SAULT BRENAZ,1150,SAULT BRENAZ,,45.8654038798,5.40416104083,396,,Sault-Brénaz,Sault-Brénaz,1,Ain,84,Auvergne-Rhône-Alpes
1397,SAUVERNY,1220,SAUVERNY,,46.3126908233,6.11043836433,397,,Sauverny,Sauverny,1,Ain,84,Auvergne-Rhône-Alpes
1398,SAVIGNEUX,1480,SAVIGNEUX,,45.997346828,4.8576200906,398,,Savigneux,Savigneux,1,Ain,84,Auvergne-Rhône-Alpes
1399,SEGNY,1170,SEGNY,,46.2935928404,6.07287743792,399,,Ségny,Ségny,1,Ain,84,Auvergne-Rhône-Alpes
1400,SEILLONNAZ,1470,SEILLONNAZ,,45.7976976614,5.49810658524,400,,Seillonnaz,Seillonnaz,1,Ain,84,Auvergne-Rhône-Alpes
1401,SERGY,1630,SERGY,,46.2626243003,5.98914553194,401,,Sergy,Sergy,1,Ain,84,Auvergne-Rhône-Alpes
1402,SERMOYER,1190,SERMOYER,,46.4981991944,4.97856020441,402,,Sermoyer,Sermoyer,1,Ain,84,Auvergne-Rhône-Alpes
1403,SERRIERES DE BRIORD,1470,SERRIERES DE BRIORD,,45.8133219416,5.44125880379,403,,Serrières-de-Briord,Serrières-de-Briord,1,Ain,84,Auvergne-Rhône-Alpes
1404,SERRIERES SUR AIN,1450,SERRIERES SUR AIN,,46.1466977757,5.45023362942,404,,Serrières-sur-Ain,Serrières-sur-Ain,1,Ain,84,Auvergne-Rhône-Alpes
1405,SERVAS,1960,SERVAS,,46.1385540577,5.17887070992,405,,Servas,Servas,1,Ain,84,Auvergne-Rhône-Alpes
1406,SERVIGNAT,1560,SERVIGNAT,,46.4346497878,5.05559973107,406,,Servignat,Servignat,1,Ain,84,Auvergne-Rhône-Alpes
1407,SEYSSEL,1420,SEYSSEL,,45.9484118176,5.82616979887,407,,Seyssel,Seyssel,1,Ain,84,Auvergne-Rhône-Alpes
1408,SIMANDRE SUR SURAN,1250,SIMANDRE SUR SURAN,,46.2340471594,5.42240815305,408,,Simandre-sur-Suran,Simandre-sur-Suran,1,Ain,84,Auvergne-Rhône-Alpes
1410,SONTHONNAX LA MONTAGNE,1580,SONTHONNAX LA MONTAGNE,,46.2229768712,5.50566888767,410,,Sonthonnax-la-Montagne,Sonthonnax-la-Montagne,1,Ain,84,Auvergne-Rhône-Alpes
1410,SONTHONNAX LA MONTAGNE,1580,SONTHONNAX LA MONTAGNE,NAPT,46.2229768712,5.50566888767,410,,Sonthonnax-la-Montagne,Sonthonnax-la-Montagne,1,Ain,84,Auvergne-Rhône-Alpes
1411,SOUCLIN,1150,SOUCLIN,,45.8781798572,5.43058627512,411,,Souclin,Souclin,1,Ain,84,Auvergne-Rhône-Alpes
1412,SULIGNAT,1400,SULIGNAT,,46.1735383313,4.95772382526,412,,Sulignat,Sulignat,1,Ain,84,Auvergne-Rhône-Alpes
1413,SURJOUX,1420,SURJOUX,,46.030402108,5.79957920623,413,,Surjoux,Surjoux,1,Ain,84,Auvergne-Rhône-Alpes
1414,SUTRIEU,1260,SUTRIEU,,45.9311367808,5.64988248129,414,,Sutrieu,Sutrieu,1,Ain,84,Auvergne-Rhône-Alpes
1414,SUTRIEU,1260,SUTRIEU,CHARANCIN,45.9311367808,5.64988248129,414,,Sutrieu,Sutrieu,1,Ain,84,Auvergne-Rhône-Alpes
1414,SUTRIEU,1260,SUTRIEU,FITIGNIEU,45.9311367808,5.64988248129,414,,Sutrieu,Sutrieu,1,Ain,84,Auvergne-Rhône-Alpes
1415,TALISSIEU,1510,TALISSIEU,,45.8637167128,5.72090411074,415,,Talissieu,Talissieu,1,Ain,84,Auvergne-Rhône-Alpes
1416,TENAY,1230,TENAY,,45.922698278,5.51453923595,416,,Tenay,Tenay,1,Ain,84,Auvergne-Rhône-Alpes
1417,THEZILLIEU,1110,THEZILLIEU,,45.8931883593,5.59700638944,417,,Thézillieu,Thézillieu,1,Ain,84,Auvergne-Rhône-Alpes
1418,THIL,1120,THIL,,45.8169214201,5.0184098869,418,,Thil,Thil,1,Ain,84,Auvergne-Rhône-Alpes
1419,THOIRY,1710,THOIRY,,46.2435475879,5.96506297987,419,,Thoiry,Thoiry,1,Ain,84,Auvergne-Rhône-Alpes
1420,THOISSEY,1140,THOISSEY,,46.1700943481,4.79387095814,420,,Thoissey,Thoissey,1,Ain,84,Auvergne-Rhône-Alpes
1421,TORCIEU,1230,TORCIEU,,45.92125055,5.40400282244,421,,Torcieu,Torcieu,1,Ain,84,Auvergne-Rhône-Alpes
1422,TOSSIAT,1250,TOSSIAT,,46.1384790158,5.30400055922,422,,Tossiat,Tossiat,1,Ain,84,Auvergne-Rhône-Alpes
1423,TOUSSIEUX,1600,TOUSSIEUX,,45.959898291,4.82898610612,423,,Toussieux,Toussieux,1,Ain,84,Auvergne-Rhône-Alpes
1424,TRAMOYES,1390,TRAMOYES,,45.8745670311,4.9639268325,424,,Tramoyes,Tramoyes,1,Ain,84,Auvergne-Rhône-Alpes
1425,LA TRANCLIERE,1160,LA TRANCLIERE,,46.0970027075,5.26099875456,425,La,Tranclière,La Tranclière,1,Ain,84,Auvergne-Rhône-Alpes
1426,VAL REVERMONT,1370,VAL REVERMONT,CUISIAT,46.2803281838,5.36083165162,426,,Val-Revermont,Val-Revermont,1,Ain,84,Auvergne-Rhône-Alpes
1426,VAL REVERMONT,1370,VAL REVERMONT,PRESSIAT,46.2803281838,5.36083165162,426,,Val-Revermont,Val-Revermont,1,Ain,84,Auvergne-Rhône-Alpes
1426,VAL REVERMONT,1370,VAL REVERMONT,TREFFORT CUISIAT,46.2803281838,5.36083165162,426,,Val-Revermont,Val-Revermont,1,Ain,84,Auvergne-Rhône-Alpes
1427,TREVOUX,1600,TREVOUX,,45.940671655,4.7714415007,427,,Trévoux,Trévoux,1,Ain,84,Auvergne-Rhône-Alpes
1428,VALEINS,1140,VALEINS,,46.1146467438,4.86551696868,428,,Valeins,Valeins,1,Ain,84,Auvergne-Rhône-Alpes
1429,VANDEINS,1660,VANDEINS,,46.217806795,5.08189056957,429,,Vandeins,Vandeins,1,Ain,84,Auvergne-Rhône-Alpes
1430,VARAMBON,1160,VARAMBON,,46.0433928197,5.2947944594,430,,Varambon,Varambon,1,Ain,84,Auvergne-Rhône-Alpes
1431,VAUX EN BUGEY,1150,VAUX EN BUGEY,,45.9201205456,5.36353184193,431,,Vaux-en-Bugey,Vaux-en-Bugey,1,Ain,84,Auvergne-Rhône-Alpes
1432,VERJON,1270,VERJON,,46.3459093717,5.34853019646,432,,Verjon,Verjon,1,Ain,84,Auvergne-Rhône-Alpes
1433,VERNOUX,1560,VERNOUX,,46.4848229774,5.10590413121,433,,Vernoux,Vernoux,1,Ain,84,Auvergne-Rhône-Alpes
1434,VERSAILLEUX,1330,VERSAILLEUX,,45.9854373478,5.11204819151,434,,Versailleux,Versailleux,1,Ain,84,Auvergne-Rhône-Alpes
1435,VERSONNEX,1210,VERSONNEX,,46.2997631425,6.10057952207,435,,Versonnex,Versonnex,1,Ain,84,Auvergne-Rhône-Alpes
1436,VESANCY,1170,VESANCY,,46.3610768127,6.08470665475,436,,Vesancy,Vesancy,1,Ain,84,Auvergne-Rhône-Alpes
1437,VESCOURS,1560,VESCOURS,,46.4743960759,5.02617426573,437,,Vescours,Vescours,1,Ain,84,Auvergne-Rhône-Alpes
1439,VESINES,1570,VESINES,,46.3593397751,4.86265852202,439,,Vésines,Vésines,1,Ain,84,Auvergne-Rhône-Alpes
1441,VIEU D IZENAVE,1430,VIEU D IZENAVE,,46.0853386653,5.54922100161,441,,Vieu-d'Izenave,Vieu-d'Izenave,1,Ain,84,Auvergne-Rhône-Alpes
1442,VIEU,1260,VIEU,,45.8898392612,5.68999399947,442,,Vieu,Vieu,1,Ain,84,Auvergne-Rhône-Alpes
1443,VILLARS LES DOMBES,1330,VILLARS LES DOMBES,,45.9927150222,5.04507856642,443,,Villars-les-Dombes,Villars-les-Dombes,1,Ain,84,Auvergne-Rhône-Alpes
1444,VILLEBOIS,1150,VILLEBOIS,,45.8485624628,5.44711117486,444,,Villebois,Villebois,1,Ain,84,Auvergne-Rhône-Alpes
1445,VILLEMOTIER,1270,VILLEMOTIER,,46.3458538978,5.31036160991,445,,Villemotier,Villemotier,1,Ain,84,Auvergne-Rhône-Alpes
1446,VILLENEUVE,1480,VILLENEUVE,,46.0319048788,4.85182526102,446,,Villeneuve,Villeneuve,1,Ain,84,Auvergne-Rhône-Alpes
1447,VILLEREVERSURE,1250,VILLEREVERSURE,,46.1926750369,5.3947679407,447,,Villereversure,Villereversure,1,Ain,84,Auvergne-Rhône-Alpes
1448,VILLES,1200,VILLES,,46.0954293058,5.7569250415,448,,Villes,Villes,1,Ain,84,Auvergne-Rhône-Alpes
1449,VILLETTE SUR AIN,1320,VILLETTE SUR AIN,,46.0099989032,5.25214547187,449,,Villette-sur-Ain,Villette-sur-Ain,1,Ain,84,Auvergne-Rhône-Alpes
1450,VILLIEU LOYES MOLLON,1800,VILLIEU LOYES MOLLON,,45.932014998,5.22953071636,450,,Villieu-Loyes-Mollon,Villieu-Loyes-Mollon,1,Ain,84,Auvergne-Rhône-Alpes
1450,VILLIEU LOYES MOLLON,1800,VILLIEU LOYES MOLLON,LOYES,45.932014998,5.22953071636,450,,Villieu-Loyes-Mollon,Villieu-Loyes-Mollon,1,Ain,84,Auvergne-Rhône-Alpes
1450,VILLIEU LOYES MOLLON,1800,VILLIEU LOYES MOLLON,MOLLON,45.932014998,5.22953071636,450,,Villieu-Loyes-Mollon,Villieu-Loyes-Mollon,1,Ain,84,Auvergne-Rhône-Alpes
1451,VIRIAT,1440,VIRIAT,,46.2508985632,5.22302249216,451,,Viriat,Viriat,1,Ain,84,Auvergne-Rhône-Alpes
1452,VIRIEU LE GRAND,1510,VIRIEU LE GRAND,,45.8464417872,5.63971940347,452,,Virieu-le-Grand,Virieu-le-Grand,1,Ain,84,Auvergne-Rhône-Alpes
1453,VIRIEU LE PETIT,1260,VIRIEU LE PETIT,,45.9063608209,5.73707051523,453,,Virieu-le-Petit,Virieu-le-Petit,1,Ain,84,Auvergne-Rhône-Alpes
1454,VIRIGNIN,1300,VIRIGNIN,,45.7267387762,5.71282330936,454,,Virignin,Virignin,1,Ain,84,Auvergne-Rhône-Alpes
1456,VONGNES,1350,VONGNES,,45.8129059524,5.72536666767,456,,Vongnes,Vongnes,1,Ain,84,Auvergne-Rhône-Alpes
1457,VONNAS,1540,VONNAS,,46.2168871367,4.99744373712,457,,Vonnas,Vonnas,1,Ain,84,Auvergne-Rhône-Alpes
2001,ABBECOURT,2300,ABBECOURT,,49.5991518653,3.17708232927,1,,Abbécourt,Abbécourt,2,Aisne,32,Hauts-de-France
2002,ACHERY,2800,ACHERY,,49.6936187791,3.39735632148,2,,Achery,Achery,2,Aisne,32,Hauts-de-France
2003,ACY,2200,ACY,,49.3471963534,3.41817609834,3,,Acy,Acy,2,Aisne,32,Hauts-de-France
2004,AGNICOURT ET SECHELLES,2340,AGNICOURT ET SECHELLES,,49.7166573626,3.96043211816,4,,Agnicourt-et-Séchelles,Agnicourt-et-Séchelles,2,Aisne,32,Hauts-de-France
2005,AGUILCOURT,2190,AGUILCOURT,,49.393650796,3.96803679426,5,,Aguilcourt,Aguilcourt,2,Aisne,32,Hauts-de-France
2006,AISONVILLE ET BERNOVILLE,2110,AISONVILLE ET BERNOVILLE,,49.930148162,3.51120205593,6,,Aisonville-et-Bernoville,Aisonville-et-Bernoville,2,Aisne,32,Hauts-de-France
2007,AIZELLES,2820,AIZELLES,,49.4848002918,3.81870255331,7,,Aizelles,Aizelles,2,Aisne,32,Hauts-de-France
2008,AIZY JOUY,2370,AIZY JOUY,,49.4384256824,3.51149185429,8,,Aizy-Jouy,Aizy-Jouy,2,Aisne,32,Hauts-de-France
2008,AIZY JOUY,2370,AIZY JOUY,JOUY,49.4384256824,3.51149185429,8,,Aizy-Jouy,Aizy-Jouy,2,Aisne,32,Hauts-de-France
2009,ALAINCOURT,2240,ALAINCOURT,,49.7667120841,3.36639043616,9,,Alaincourt,Alaincourt,2,Aisne,32,Hauts-de-France
2010,ALLEMANT,2320,ALLEMANT,,49.4624440593,3.45394275872,10,,Allemant,Allemant,2,Aisne,32,Hauts-de-France
2011,AMBLENY,2290,AMBLENY,,49.3762672939,3.18334679178,11,,Ambleny,Ambleny,2,Aisne,32,Hauts-de-France
2012,AMBRIEF,2200,AMBRIEF,,49.3215250088,3.40362196255,12,,Ambrief,Ambrief,2,Aisne,32,Hauts-de-France
2013,AMIFONTAINE,2190,AMIFONTAINE,,49.498787026,3.92278993322,13,,Amifontaine,Amifontaine,2,Aisne,32,Hauts-de-France
2014,AMIGNY ROUY,2700,AMIGNY ROUY,,49.6108275885,3.30289341579,14,,Amigny-Rouy,Amigny-Rouy,2,Aisne,32,Hauts-de-France
2015,ANCIENVILLE,2600,ANCIENVILLE,,49.2186389559,3.20808809779,15,,Ancienville,Ancienville,2,Aisne,32,Hauts-de-France
2016,ANDELAIN,2800,ANDELAIN,,49.6411808161,3.3695440898,16,,Andelain,Andelain,2,Aisne,32,Hauts-de-France
2017,ANGUILCOURT LE SART,2800,ANGUILCOURT LE SART,,49.6940879195,3.42823182437,17,,Anguilcourt-le-Sart,Anguilcourt-le-Sart,2,Aisne,32,Hauts-de-France
2018,ANIZY LE CHATEAU,2320,ANIZY LE CHATEAU,,49.5045058305,3.43129584952,18,,Anizy-le-Château,Anizy-le-Château,2,Aisne,32,Hauts-de-France
2019,ANNOIS,2480,ANNOIS,,49.7210674108,3.17611501401,19,,Annois,Annois,2,Aisne,32,Hauts-de-France
2020,ANY MARTIN RIEUX,2500,ANY MARTIN RIEUX,,49.8823706752,4.22351346907,20,,Any-Martin-Rieux,Any-Martin-Rieux,2,Aisne,32,Hauts-de-France
2021,ARCHON,2360,ARCHON,,49.744126618,4.11908765808,21,,Archon,Archon,2,Aisne,32,Hauts-de-France
2022,ARCY STE RESTITUE,2130,ARCY STE RESTITUE,,49.2548799371,3.47829076337,22,,Arcy-Sainte-Restitue,Arcy-Sainte-Restitue,2,Aisne,32,Hauts-de-France
2022,ARCY STE RESTITUE,2130,ARCY STE RESTITUE,BRANGES,49.2548799371,3.47829076337,22,,Arcy-Sainte-Restitue,Arcy-Sainte-Restitue,2,Aisne,32,Hauts-de-France
2023,ARMENTIERES SUR OURCQ,2210,ARMENTIERES SUR OURCQ,,49.1734232511,3.38789647903,23,,Armentières-sur-Ourcq,Armentières-sur-Ourcq,2,Aisne,32,Hauts-de-France
2024,ARRANCY,2860,ARRANCY,,49.4989016398,3.7647230005,24,,Arrancy,Arrancy,2,Aisne,32,Hauts-de-France
2025,ARTEMPS,2480,ARTEMPS,,49.7617999337,3.19725095546,25,,Artemps,Artemps,2,Aisne,32,Hauts-de-France
2027,ASSIS SUR SERRE,2270,ASSIS SUR SERRE,,49.6803739117,3.55491692691,27,,Assis-sur-Serre,Assis-sur-Serre,2,Aisne,32,Hauts-de-France
2028,ATHIES SOUS LAON,2840,ATHIES SOUS LAON,,49.5757750686,3.69006632109,28,,Athies-sous-Laon,Athies-sous-Laon,2,Aisne,32,Hauts-de-France
2029,ATTILLY,2490,ATTILLY,,49.8554489068,3.15363305662,29,,Attilly,Attilly,2,Aisne,32,Hauts-de-France
2030,AUBENCHEUL AUX BOIS,2420,AUBENCHEUL AUX BOIS,,50.0239903854,3.26103215604,30,,Aubencheul-aux-Bois,Aubencheul-aux-Bois,2,Aisne,32,Hauts-de-France
2031,AUBENTON,2500,AUBENTON,,49.8252306759,4.19066939985,31,,Aubenton,Aubenton,2,Aisne,32,Hauts-de-France
2032,AUBIGNY AUX KAISNES,2590,AUBIGNY AUX KAISNES,,49.7721524634,3.1192565988,32,,Aubigny-aux-Kaisnes,Aubigny-aux-Kaisnes,2,Aisne,32,Hauts-de-France
2033,AUBIGNY EN LAONNOIS,2820,AUBIGNY EN LAONNOIS,,49.4968821185,3.79282850765,33,,Aubigny-en-Laonnois,Aubigny-en-Laonnois,2,Aisne,32,Hauts-de-France
2034,AUDIGNICOURT,2300,AUDIGNICOURT,,49.4777157214,3.12718502825,34,,Audignicourt,Audignicourt,2,Aisne,32,Hauts-de-France
2035,AUDIGNY,2120,AUDIGNY,,49.8660645425,3.6312599901,35,,Audigny,Audigny,2,Aisne,32,Hauts-de-France
2036,AUGY,2220,AUGY,,49.340063724,3.5110198819,36,,Augy,Augy,2,Aisne,32,Hauts-de-France
2037,AULNOIS SOUS LAON,2000,AULNOIS SOUS LAON,,49.6198117499,3.60981962105,37,,Aulnois-sous-Laon,Aulnois-sous-Laon,2,Aisne,32,Hauts-de-France
2038,LES AUTELS,2360,LES AUTELS,,49.7608855336,4.22422505762,38,Les,Autels,Les Autels,2,Aisne,32,Hauts-de-France
2039,AUTREMENCOURT,2250,AUTREMENCOURT,,49.7051244442,3.79419867292,39,,Autremencourt,Autremencourt,2,Aisne,32,Hauts-de-France
2040,AUTREPPES,2580,AUTREPPES,,49.8969849321,3.85601033505,40,,Autreppes,Autreppes,2,Aisne,32,Hauts-de-France
2041,AUTREVILLE,2300,AUTREVILLE,,49.5860875305,3.23602708427,41,,Autreville,Autreville,2,Aisne,32,Hauts-de-France
2042,AZY SUR MARNE,2400,AZY SUR MARNE,,49.0039701095,3.35913214045,42,,Azy-sur-Marne,Azy-sur-Marne,2,Aisne,32,Hauts-de-France
2043,BAGNEUX,2290,BAGNEUX,,49.4601139731,3.27945330014,43,,Bagneux,Bagneux,2,Aisne,32,Hauts-de-France
2044,BANCIGNY,2140,BANCIGNY,,49.7978711595,4.03669866073,44,,Bancigny,Bancigny,2,Aisne,32,Hauts-de-France
2046,BARENTON BUGNY,2000,BARENTON BUGNY,,49.6218589779,3.66103056579,46,,Barenton-Bugny,Barenton-Bugny,2,Aisne,32,Hauts-de-France
2047,BARENTON CEL,2000,BARENTON CEL,,49.6477517259,3.64469997459,47,,Barenton-Cel,Barenton-Cel,2,Aisne,32,Hauts-de-France
2048,BARENTON SUR SERRE,2270,BARENTON SUR SERRE,,49.66833977,3.68940610952,48,,Barenton-sur-Serre,Barenton-sur-Serre,2,Aisne,32,Hauts-de-France
2049,BARISIS AUX BOIS,2700,BARISIS AUX BOIS,,49.577979369,3.32804487461,49,,Barisis-aux-Bois,Barisis-aux-Bois,2,Aisne,32,Hauts-de-France
2050,BARZY EN THIERACHE,2170,BARZY EN THIERACHE,,50.0395375873,3.74901595409,50,,Barzy-en-Thiérache,Barzy-en-Thiérache,2,Aisne,32,Hauts-de-France
2051,BARZY SUR MARNE,2850,BARZY SUR MARNE,,49.0906196202,3.56214117254,51,,Barzy-sur-Marne,Barzy-sur-Marne,2,Aisne,32,Hauts-de-France
2052,BASSOLES AULERS,2380,BASSOLES AULERS,,49.5332813699,3.38492604839,52,,Bassoles-Aulers,Bassoles-Aulers,2,Aisne,32,Hauts-de-France
2053,VALLEES EN CHAMPAGNE,2330,VALLEES EN CHAMPAGNE,BAULNE EN BRIE,48.9896915811,3.60486686026,53,,Vallées en Champagne,Vallées en Champagne,2,Aisne,32,Hauts-de-France
2053,VALLEES EN CHAMPAGNE,2330,VALLEES EN CHAMPAGNE,LA CHAPELLE MONTHODON,48.9896915811,3.60486686026,53,,Vallées en Champagne,Vallées en Champagne,2,Aisne,32,Hauts-de-France
2053,VALLEES EN CHAMPAGNE,2330,VALLEES EN CHAMPAGNE,ST AGNAN,48.9896915811,3.60486686026,53,,Vallées en Champagne,Vallées en Champagne,2,Aisne,32,Hauts-de-France
2054,BAZOCHES SUR VESLES,2220,BAZOCHES SUR VESLES,,49.3070586788,3.61583126589,54,,Bazoches-sur-Vesles,Bazoches-sur-Vesles,2,Aisne,32,Hauts-de-France
2055,BEAUME,2500,BEAUME,,49.8211281836,4.15200066545,55,,Beaumé,Beaumé,2,Aisne,32,Hauts-de-France
2056,BEAUMONT EN BEINE,2300,BEAUMONT EN BEINE,,49.6874633882,3.13133369335,56,,Beaumont-en-Beine,Beaumont-en-Beine,2,Aisne,32,Hauts-de-France
2057,BEAUREVOIR,2110,BEAUREVOIR,,49.9965608612,3.32970842537,57,,Beaurevoir,Beaurevoir,2,Aisne,32,Hauts-de-France
2058,BEAURIEUX,2160,BEAURIEUX,,49.402806797,3.75287161991,58,,Beaurieux,Beaurieux,2,Aisne,32,Hauts-de-France
2059,BEAUTOR,2800,BEAUTOR,,49.648319958,3.33811188104,59,,Beautor,Beautor,2,Aisne,32,Hauts-de-France
2060,BEAUVOIS EN VERMANDOIS,2590,BEAUVOIS EN VERMANDOIS,,49.8339921767,3.10282045546,60,,Beauvois-en-Vermandois,Beauvois-en-Vermandois,2,Aisne,32,Hauts-de-France
2061,BECQUIGNY,2110,BECQUIGNY,,50.0158703814,3.45898644538,61,,Becquigny,Becquigny,2,Aisne,32,Hauts-de-France
2062,BELLEAU,2400,BELLEAU,,49.0829128265,3.30049173293,62,,Belleau,Belleau,2,Aisne,32,Hauts-de-France
2063,BELLENGLISE,2420,BELLENGLISE,,49.9261057081,3.2441994692,63,,Bellenglise,Bellenglise,2,Aisne,32,Hauts-de-France
2064,BELLEU,2200,BELLEU,,49.3567574344,3.34051688283,64,,Belleu,Belleu,2,Aisne,32,Hauts-de-France
2065,BELLICOURT,2420,BELLICOURT,,49.9592991729,3.23020850852,65,,Bellicourt,Bellicourt,2,Aisne,32,Hauts-de-France
2066,BENAY,2440,BENAY,,49.755094123,3.30909898139,66,,Benay,Benay,2,Aisne,32,Hauts-de-France
2067,BERGUES SUR SAMBRE,2450,BERGUES SUR SAMBRE,,50.0294686238,3.711371001,67,,Bergues-sur-Sambre,Bergues-sur-Sambre,2,Aisne,32,Hauts-de-France
2068,BERLANCOURT,2250,BERLANCOURT,,49.7808533631,3.75710714699,68,,Berlancourt,Berlancourt,2,Aisne,32,Hauts-de-France